image,acne,wrinkles
acne/acne0/levle0_1.jpg,0.0,0.0
acne/acne0/levle0_10.jpg,0.0,0.0
acne/acne0/levle0_100.jpg,0.0,0.0
acne/acne0/levle0_101.jpg,0.0,0.0
acne/acne0/levle0_102.jpg,0.0,0.0
acne/acne0/levle0_103.jpg,0.0,0.0
acne/acne0/levle0_104.jpg,0.0,0.0
acne/acne0/levle0_105.jpg,0.0,0.0
acne/acne0/levle0_106.jpg,0.0,0.0
acne/acne0/levle0_107.jpg,0.0,0.0
acne/acne0/levle0_108.jpg,0.0,0.0
acne/acne0/levle0_109.jpg,0.0,0.0
acne/acne0/levle0_110.jpg,0.0,0.0
acne/acne0/levle0_111.jpg,0.0,0.0
acne/acne0/levle0_112.jpg,0.0,0.0
acne/acne0/levle0_113.jpg,0.0,0.0
acne/acne0/levle0_114.jpg,0.0,0.0
acne/acne0/levle0_115.jpg,0.0,0.0
acne/acne0/levle0_116.jpg,0.0,0.0
acne/acne0/levle0_117.jpg,0.0,0.0
acne/acne0/levle0_118.jpg,0.0,0.0
acne/acne0/levle0_119.jpg,0.0,0.0
acne/acne0/levle0_120.jpg,0.0,0.0
acne/acne0/levle0_121.jpg,0.0,0.0
acne/acne0/levle0_122.jpg,0.0,0.0
acne/acne0/levle0_123.jpg,0.0,0.0
acne/acne0/levle0_124.jpg,0.0,0.0
acne/acne0/levle0_125.jpg,0.0,0.0
acne/acne0/levle0_126.jpg,0.0,0.0
acne/acne0/levle0_127.jpg,0.0,0.0
acne/acne0/levle0_128.jpg,0.0,0.0
acne/acne0/levle0_129.jpg,0.0,0.0
acne/acne0/levle0_130.jpg,0.0,0.0
acne/acne0/levle0_131.jpg,0.0,0.0
acne/acne0/levle0_132.jpg,0.0,0.0
acne/acne0/levle0_133.jpg,0.0,0.0
acne/acne0/levle0_134.jpg,0.0,0.0
acne/acne0/levle0_135.jpg,0.0,0.0
acne/acne0/levle0_136.jpg,0.0,0.0
acne/acne0/levle0_137.jpg,0.0,0.0
acne/acne0/levle0_138.jpg,0.0,0.0
acne/acne0/levle0_139.jpg,0.0,0.0
acne/acne0/levle0_140.jpg,0.0,0.0
acne/acne0/levle0_141.jpg,0.0,0.0
acne/acne0/levle0_142.jpg,0.0,0.0
acne/acne0/levle0_143.jpg,0.0,0.0
acne/acne0/levle0_144.jpg,0.0,0.0
acne/acne0/levle0_145.jpg,0.0,0.0
acne/acne0/levle0_146.jpg,0.0,0.0
acne/acne0/levle0_147.jpg,0.0,0.0
acne/acne0/levle0_148.jpg,0.0,0.0
acne/acne0/levle0_149.jpg,0.0,0.0
acne/acne0/levle0_15.jpg,0.0,0.0
acne/acne0/levle0_150.jpg,0.0,0.0
acne/acne0/levle0_151.jpg,0.0,0.0
acne/acne0/levle0_152.jpg,0.0,0.0
acne/acne0/levle0_153.jpg,0.0,0.0
acne/acne0/levle0_154.jpg,0.0,0.0
acne/acne0/levle0_155.jpg,0.0,0.0
acne/acne0/levle0_156.jpg,0.0,0.0
acne/acne0/levle0_157.jpg,0.0,0.0
acne/acne0/levle0_158.jpg,0.0,0.0
acne/acne0/levle0_159.jpg,0.0,0.0
acne/acne0/levle0_16.jpg,0.0,0.0
acne/acne0/levle0_160.jpg,0.0,0.0
acne/acne0/levle0_161.jpg,0.0,0.0
acne/acne0/levle0_162.jpg,0.0,0.0
acne/acne0/levle0_163.jpg,0.0,0.0
acne/acne0/levle0_164.jpg,0.0,0.0
acne/acne0/levle0_165.jpg,0.0,0.0
acne/acne0/levle0_166.jpg,0.0,0.0
acne/acne0/levle0_167.jpg,0.0,0.0
acne/acne0/levle0_168.jpg,0.0,0.0
acne/acne0/levle0_169.jpg,0.0,0.0
acne/acne0/levle0_17.jpg,0.0,0.0
acne/acne0/levle0_170.jpg,0.0,0.0
acne/acne0/levle0_171.jpg,0.0,0.0
acne/acne0/levle0_172.jpg,0.0,0.0
acne/acne0/levle0_173.jpg,0.0,0.0
acne/acne0/levle0_174.jpg,0.0,0.0
acne/acne0/levle0_175.jpg,0.0,0.0
acne/acne0/levle0_176.jpg,0.0,0.0
acne/acne0/levle0_177.jpg,0.0,0.0
acne/acne0/levle0_178.jpg,0.0,0.0
acne/acne0/levle0_179.jpg,0.0,0.0
acne/acne0/levle0_180.jpg,0.0,0.0
acne/acne0/levle0_181.jpg,0.0,0.0
acne/acne0/levle0_182.jpg,0.0,0.0
acne/acne0/levle0_183.jpg,0.0,0.0
acne/acne0/levle0_184.jpg,0.0,0.0
acne/acne0/levle0_185.jpg,0.0,0.0
acne/acne0/levle0_186.jpg,0.0,0.0
acne/acne0/levle0_187.jpg,0.0,0.0
acne/acne0/levle0_188.jpg,0.0,0.0
acne/acne0/levle0_189.jpg,0.0,0.0
acne/acne0/levle0_190.jpg,0.0,0.0
acne/acne0/levle0_192.jpg,0.0,0.0
acne/acne0/levle0_193.jpg,0.0,0.0
acne/acne0/levle0_194.jpg,0.0,0.0
acne/acne0/levle0_195.jpg,0.0,0.0
acne/acne0/levle0_196.jpg,0.0,0.0
acne/acne0/levle0_197.jpg,0.0,0.0
acne/acne0/levle0_198.jpg,0.0,0.0
acne/acne0/levle0_2.jpg,0.0,0.0
acne/acne0/levle0_202.jpg,0.0,0.0
acne/acne0/levle0_203.jpg,0.0,0.0
acne/acne0/levle0_204.jpg,0.0,0.0
acne/acne0/levle0_205.jpg,0.0,0.0
acne/acne0/levle0_206.jpg,0.0,0.0
acne/acne0/levle0_207.jpg,0.0,0.0
acne/acne0/levle0_209.jpg,0.0,0.0
acne/acne0/levle0_21.jpg,0.0,0.0
acne/acne0/levle0_210.jpg,0.0,0.0
acne/acne0/levle0_211.jpg,0.0,0.0
acne/acne0/levle0_212.jpg,0.0,0.0
acne/acne0/levle0_213.jpg,0.0,0.0
acne/acne0/levle0_214.jpg,0.0,0.0
acne/acne0/levle0_215.jpg,0.0,0.0
acne/acne0/levle0_216.jpg,0.0,0.0
acne/acne0/levle0_217.jpg,0.0,0.0
acne/acne0/levle0_218.jpg,0.0,0.0
acne/acne0/levle0_219.jpg,0.0,0.0
acne/acne0/levle0_22.jpg,0.0,0.0
acne/acne0/levle0_220.jpg,0.0,0.0
acne/acne0/levle0_221.jpg,0.0,0.0
acne/acne0/levle0_222.jpg,0.0,0.0
acne/acne0/levle0_223.jpg,0.0,0.0
acne/acne0/levle0_225.jpg,0.0,0.0
acne/acne0/levle0_226.jpg,0.0,0.0
acne/acne0/levle0_227.jpg,0.0,0.0
acne/acne0/levle0_228.jpg,0.0,0.0
acne/acne0/levle0_229.jpg,0.0,0.0
acne/acne0/levle0_23.jpg,0.0,0.0
acne/acne0/levle0_230.jpg,0.0,0.0
acne/acne0/levle0_231.jpg,0.0,0.0
acne/acne0/levle0_232.jpg,0.0,0.0
acne/acne0/levle0_233.jpg,0.0,0.0
acne/acne0/levle0_234.jpg,0.0,0.0
acne/acne0/levle0_235.jpg,0.0,0.0
acne/acne0/levle0_236.jpg,0.0,0.0
acne/acne0/levle0_238.jpg,0.0,0.0
acne/acne0/levle0_239.jpg,0.0,0.0
acne/acne0/levle0_24.jpg,0.0,0.0
acne/acne0/levle0_240.jpg,0.0,0.0
acne/acne0/levle0_241.jpg,0.0,0.0
acne/acne0/levle0_242.jpg,0.0,0.0
acne/acne0/levle0_243.jpg,0.0,0.0
acne/acne0/levle0_244.jpg,0.0,0.0
acne/acne0/levle0_245.jpg,0.0,0.0
acne/acne0/levle0_246.jpg,0.0,0.0
acne/acne0/levle0_247.jpg,0.0,0.0
acne/acne0/levle0_248.jpg,0.0,0.0
acne/acne0/levle0_249.jpg,0.0,0.0
acne/acne0/levle0_25.jpg,0.0,0.0
acne/acne0/levle0_250.jpg,0.0,0.0
acne/acne0/levle0_251.jpg,0.0,0.0
acne/acne0/levle0_252.jpg,0.0,0.0
acne/acne0/levle0_253.jpg,0.0,0.0
acne/acne0/levle0_255.jpg,0.0,0.0
acne/acne0/levle0_256.jpg,0.0,0.0
acne/acne0/levle0_257.jpg,0.0,0.0
acne/acne0/levle0_258.jpg,0.0,0.0
acne/acne0/levle0_259.jpg,0.0,0.0
acne/acne0/levle0_26.jpg,0.0,0.0
acne/acne0/levle0_260.jpg,0.0,0.0
acne/acne0/levle0_261.jpg,0.0,0.0
acne/acne0/levle0_263.jpg,0.0,0.0
acne/acne0/levle0_264.jpg,0.0,0.0
acne/acne0/levle0_265.jpg,0.0,0.0
acne/acne0/levle0_266.jpg,0.0,0.0
acne/acne0/levle0_267.jpg,0.0,0.0
acne/acne0/levle0_268.jpg,0.0,0.0
acne/acne0/levle0_269.jpg,0.0,0.0
acne/acne0/levle0_27.jpg,0.0,0.0
acne/acne0/levle0_270.jpg,0.0,0.0
acne/acne0/levle0_271.jpg,0.0,0.0
acne/acne0/levle0_272.jpg,0.0,0.0
acne/acne0/levle0_273.jpg,0.0,0.0
acne/acne0/levle0_274.jpg,0.0,0.0
acne/acne0/levle0_275.jpg,0.0,0.0
acne/acne0/levle0_276.jpg,0.0,0.0
acne/acne0/levle0_277.jpg,0.0,0.0
acne/acne0/levle0_278.jpg,0.0,0.0
acne/acne0/levle0_279.jpg,0.0,0.0
acne/acne0/levle0_28.jpg,0.0,0.0
acne/acne0/levle0_280.jpg,0.0,0.0
acne/acne0/levle0_281.jpg,0.0,0.0
acne/acne0/levle0_282.jpg,0.0,0.0
acne/acne0/levle0_283.jpg,0.0,0.0
acne/acne0/levle0_284.jpg,0.0,0.0
acne/acne0/levle0_285.jpg,0.0,0.0
acne/acne0/levle0_286.jpg,0.0,0.0
acne/acne0/levle0_287.jpg,0.0,0.0
acne/acne0/levle0_288.jpg,0.0,0.0
acne/acne0/levle0_289.jpg,0.0,0.0
acne/acne0/levle0_290.jpg,0.0,0.0
acne/acne0/levle0_291.jpg,0.0,0.0
acne/acne0/levle0_292.jpg,0.0,0.0
acne/acne0/levle0_293.jpg,0.0,0.0
acne/acne0/levle0_294.jpg,0.0,0.0
acne/acne0/levle0_295.jpg,0.0,0.0
acne/acne0/levle0_296.jpg,0.0,0.0
acne/acne0/levle0_297.jpg,0.0,0.0
acne/acne0/levle0_298.jpg,0.0,0.0
acne/acne0/levle0_299.jpg,0.0,0.0
acne/acne0/levle0_3.jpg,0.0,0.0
acne/acne0/levle0_300.jpg,0.0,0.0
acne/acne0/levle0_301.jpg,0.0,0.0
acne/acne0/levle0_302.jpg,0.0,0.0
acne/acne0/levle0_303.jpg,0.0,0.0
acne/acne0/levle0_304.jpg,0.0,0.0
acne/acne0/levle0_305.jpg,0.0,0.0
acne/acne0/levle0_306.jpg,0.0,0.0
acne/acne0/levle0_307.jpg,0.0,0.0
acne/acne0/levle0_308.jpg,0.0,0.0
acne/acne0/levle0_309.jpg,0.0,0.0
acne/acne0/levle0_31.jpg,0.0,0.0
acne/acne0/levle0_310.jpg,0.0,0.0
acne/acne0/levle0_311.jpg,0.0,0.0
acne/acne0/levle0_312.jpg,0.0,0.0
acne/acne0/levle0_313.jpg,0.0,0.0
acne/acne0/levle0_314.jpg,0.0,0.0
acne/acne0/levle0_315.jpg,0.0,0.0
acne/acne0/levle0_316.jpg,0.0,0.0
acne/acne0/levle0_317.jpg,0.0,0.0
acne/acne0/levle0_318.jpg,0.0,0.0
acne/acne0/levle0_319.jpg,0.0,0.0
acne/acne0/levle0_32.jpg,0.0,0.0
acne/acne0/levle0_320.jpg,0.0,0.0
acne/acne0/levle0_321.jpg,0.0,0.0
acne/acne0/levle0_322.jpg,0.0,0.0
acne/acne0/levle0_323.jpg,0.0,0.0
acne/acne0/levle0_324.jpg,0.0,0.0
acne/acne0/levle0_325.jpg,0.0,0.0
acne/acne0/levle0_326.jpg,0.0,0.0
acne/acne0/levle0_327.jpg,0.0,0.0
acne/acne0/levle0_328.jpg,0.0,0.0
acne/acne0/levle0_329.jpg,0.0,0.0
acne/acne0/levle0_33.jpg,0.0,0.0
acne/acne0/levle0_330.jpg,0.0,0.0
acne/acne0/levle0_331.jpg,0.0,0.0
acne/acne0/levle0_332.jpg,0.0,0.0
acne/acne0/levle0_334.jpg,0.0,0.0
acne/acne0/levle0_335.jpg,0.0,0.0
acne/acne0/levle0_336.jpg,0.0,0.0
acne/acne0/levle0_337.jpg,0.0,0.0
acne/acne0/levle0_338.jpg,0.0,0.0
acne/acne0/levle0_339.jpg,0.0,0.0
acne/acne0/levle0_34.jpg,0.0,0.0
acne/acne0/levle0_340.jpg,0.0,0.0
acne/acne0/levle0_341.jpg,0.0,0.0
acne/acne0/levle0_342.jpg,0.0,0.0
acne/acne0/levle0_343.jpg,0.0,0.0
acne/acne0/levle0_345.jpg,0.0,0.0
acne/acne0/levle0_346.jpg,0.0,0.0
acne/acne0/levle0_347.jpg,0.0,0.0
acne/acne0/levle0_349.jpg,0.0,0.0
acne/acne0/levle0_35.jpg,0.0,0.0
acne/acne0/levle0_350.jpg,0.0,0.0
acne/acne0/levle0_351.jpg,0.0,0.0
acne/acne0/levle0_353.jpg,0.0,0.0
acne/acne0/levle0_354.jpg,0.0,0.0
acne/acne0/levle0_355.jpg,0.0,0.0
acne/acne0/levle0_356.jpg,0.0,0.0
acne/acne0/levle0_357.jpg,0.0,0.0
acne/acne0/levle0_358.jpg,0.0,0.0
acne/acne0/levle0_359.jpg,0.0,0.0
acne/acne0/levle0_36.jpg,0.0,0.0
acne/acne0/levle0_360.jpg,0.0,0.0
acne/acne0/levle0_361.jpg,0.0,0.0
acne/acne0/levle0_362.jpg,0.0,0.0
acne/acne0/levle0_363.jpg,0.0,0.0
acne/acne0/levle0_364.jpg,0.0,0.0
acne/acne0/levle0_365.jpg,0.0,0.0
acne/acne0/levle0_366.jpg,0.0,0.0
acne/acne0/levle0_367.jpg,0.0,0.0
acne/acne0/levle0_368.jpg,0.0,0.0
acne/acne0/levle0_37.jpg,0.0,0.0
acne/acne0/levle0_371.jpg,0.0,0.0
acne/acne0/levle0_372.jpg,0.0,0.0
acne/acne0/levle0_373.jpg,0.0,0.0
acne/acne0/levle0_374.jpg,0.0,0.0
acne/acne0/levle0_375.jpg,0.0,0.0
acne/acne0/levle0_376.jpg,0.0,0.0
acne/acne0/levle0_377.jpg,0.0,0.0
acne/acne0/levle0_378.jpg,0.0,0.0
acne/acne0/levle0_379.jpg,0.0,0.0
acne/acne0/levle0_38.jpg,0.0,0.0
acne/acne0/levle0_380.jpg,0.0,0.0
acne/acne0/levle0_381.jpg,0.0,0.0
acne/acne0/levle0_382.jpg,0.0,0.0
acne/acne0/levle0_383.jpg,0.0,0.0
acne/acne0/levle0_384.jpg,0.0,0.0
acne/acne0/levle0_385.jpg,0.0,0.0
acne/acne0/levle0_386.jpg,0.0,0.0
acne/acne0/levle0_387.jpg,0.0,0.0
acne/acne0/levle0_388.jpg,0.0,0.0
acne/acne0/levle0_389.jpg,0.0,0.0
acne/acne0/levle0_39.jpg,0.0,0.0
acne/acne0/levle0_390.jpg,0.0,0.0
acne/acne0/levle0_391.jpg,0.0,0.0
acne/acne0/levle0_392.jpg,0.0,0.0
acne/acne0/levle0_393.jpg,0.0,0.0
acne/acne0/levle0_394.jpg,0.0,0.0
acne/acne0/levle0_395.jpg,0.0,0.0
acne/acne0/levle0_396.jpg,0.0,0.0
acne/acne0/levle0_397.jpg,0.0,0.0
acne/acne0/levle0_398.jpg,0.0,0.0
acne/acne0/levle0_399.jpg,0.0,0.0
acne/acne0/levle0_4.jpg,0.0,0.0
acne/acne0/levle0_40.jpg,0.0,0.0
acne/acne0/levle0_400.jpg,0.0,0.0
acne/acne0/levle0_401.jpg,0.0,0.0
acne/acne0/levle0_402.jpg,0.0,0.0
acne/acne0/levle0_403.jpg,0.0,0.0
acne/acne0/levle0_404.jpg,0.0,0.0
acne/acne0/levle0_405.jpg,0.0,0.0
acne/acne0/levle0_406.jpg,0.0,0.0
acne/acne0/levle0_407.jpg,0.0,0.0
acne/acne0/levle0_409.jpg,0.0,0.0
acne/acne0/levle0_41.jpg,0.0,0.0
acne/acne0/levle0_410.jpg,0.0,0.0
acne/acne0/levle0_411.jpg,0.0,0.0
acne/acne0/levle0_412.jpg,0.0,0.0
acne/acne0/levle0_413.jpg,0.0,0.0
acne/acne0/levle0_414.jpg,0.0,0.0
acne/acne0/levle0_415.jpg,0.0,0.0
acne/acne0/levle0_416.jpg,0.0,0.0
acne/acne0/levle0_417.jpg,0.0,0.0
acne/acne0/levle0_418.jpg,0.0,0.0
acne/acne0/levle0_419.jpg,0.0,0.0
acne/acne0/levle0_42.jpg,0.0,0.0
acne/acne0/levle0_420.jpg,0.0,0.0
acne/acne0/levle0_421.jpg,0.0,0.0
acne/acne0/levle0_422.jpg,0.0,0.0
acne/acne0/levle0_423.jpg,0.0,0.0
acne/acne0/levle0_424.jpg,0.0,0.0
acne/acne0/levle0_425.jpg,0.0,0.0
acne/acne0/levle0_426.jpg,0.0,0.0
acne/acne0/levle0_427.jpg,0.0,0.0
acne/acne0/levle0_428.jpg,0.0,0.0
acne/acne0/levle0_429.jpg,0.0,0.0
acne/acne0/levle0_43.jpg,0.0,0.0
acne/acne0/levle0_430.jpg,0.0,0.0
acne/acne0/levle0_432.jpg,0.0,0.0
acne/acne0/levle0_436.jpg,0.0,0.0
acne/acne0/levle0_438.jpg,0.0,0.0
acne/acne0/levle0_439.jpg,0.0,0.0
acne/acne0/levle0_44.jpg,0.0,0.0
acne/acne0/levle0_440.jpg,0.0,0.0
acne/acne0/levle0_441.jpg,0.0,0.0
acne/acne0/levle0_442.jpg,0.0,0.0
acne/acne0/levle0_443.jpg,0.0,0.0
acne/acne0/levle0_444.jpg,0.0,0.0
acne/acne0/levle0_446.jpg,0.0,0.0
acne/acne0/levle0_447.jpg,0.0,0.0
acne/acne0/levle0_448.jpg,0.0,0.0
acne/acne0/levle0_449.jpg,0.0,0.0
acne/acne0/levle0_45.jpg,0.0,0.0
acne/acne0/levle0_450.jpg,0.0,0.0
acne/acne0/levle0_451.jpg,0.0,0.0
acne/acne0/levle0_452.jpg,0.0,0.0
acne/acne0/levle0_453.jpg,0.0,0.0
acne/acne0/levle0_454.jpg,0.0,0.0
acne/acne0/levle0_455.jpg,0.0,0.0
acne/acne0/levle0_456.jpg,0.0,0.0
acne/acne0/levle0_457.jpg,0.0,0.0
acne/acne0/levle0_458.jpg,0.0,0.0
acne/acne0/levle0_459.jpg,0.0,0.0
acne/acne0/levle0_46.jpg,0.0,0.0
acne/acne0/levle0_460.jpg,0.0,0.0
acne/acne0/levle0_461.jpg,0.0,0.0
acne/acne0/levle0_462.jpg,0.0,0.0
acne/acne0/levle0_463.jpg,0.0,0.0
acne/acne0/levle0_465.jpg,0.0,0.0
acne/acne0/levle0_466.jpg,0.0,0.0
acne/acne0/levle0_467.jpg,0.0,0.0
acne/acne0/levle0_468.jpg,0.0,0.0
acne/acne0/levle0_469.jpg,0.0,0.0
acne/acne0/levle0_47.jpg,0.0,0.0
acne/acne0/levle0_470.jpg,0.0,0.0
acne/acne0/levle0_471.jpg,0.0,0.0
acne/acne0/levle0_473.jpg,0.0,0.0
acne/acne0/levle0_474.jpg,0.0,0.0
acne/acne0/levle0_475.jpg,0.0,0.0
acne/acne0/levle0_476.jpg,0.0,0.0
acne/acne0/levle0_477.jpg,0.0,0.0
acne/acne0/levle0_478.jpg,0.0,0.0
acne/acne0/levle0_48.jpg,0.0,0.0
acne/acne0/levle0_480.jpg,0.0,0.0
acne/acne0/levle0_482.jpg,0.0,0.0
acne/acne0/levle0_483.jpg,0.0,0.0
acne/acne0/levle0_484.jpg,0.0,0.0
acne/acne0/levle0_485.jpg,0.0,0.0
acne/acne0/levle0_486.jpg,0.0,0.0
acne/acne0/levle0_487.jpg,0.0,0.0
acne/acne0/levle0_488.jpg,0.0,0.0
acne/acne0/levle0_489.jpg,0.0,0.0
acne/acne0/levle0_49.jpg,0.0,0.0
acne/acne0/levle0_491.jpg,0.0,0.0
acne/acne0/levle0_492.jpg,0.0,0.0
acne/acne0/levle0_493.jpg,0.0,0.0
acne/acne0/levle0_494.jpg,0.0,0.0
acne/acne0/levle0_495.jpg,0.0,0.0
acne/acne0/levle0_496.jpg,0.0,0.0
acne/acne0/levle0_497.jpg,0.0,0.0
acne/acne0/levle0_498.jpg,0.0,0.0
acne/acne0/levle0_499.jpg,0.0,0.0
acne/acne0/levle0_50.jpg,0.0,0.0
acne/acne0/levle0_501.jpg,0.0,0.0
acne/acne0/levle0_503.jpg,0.0,0.0
acne/acne0/levle0_504.jpg,0.0,0.0
acne/acne0/levle0_505.jpg,0.0,0.0
acne/acne0/levle0_506.jpg,0.0,0.0
acne/acne0/levle0_507.jpg,0.0,0.0
acne/acne0/levle0_508.jpg,0.0,0.0
acne/acne0/levle0_509.jpg,0.0,0.0
acne/acne0/levle0_51.jpg,0.0,0.0
acne/acne0/levle0_510.jpg,0.0,0.0
acne/acne0/levle0_511.jpg,0.0,0.0
acne/acne0/levle0_512.jpg,0.0,0.0
acne/acne0/levle0_513.jpg,0.0,0.0
acne/acne0/levle0_514.jpg,0.0,0.0
acne/acne0/levle0_515.jpg,0.0,0.0
acne/acne0/levle0_516.jpg,0.0,0.0
acne/acne0/levle0_517.jpg,0.0,0.0
acne/acne0/levle0_518.jpg,0.0,0.0
acne/acne0/levle0_519.jpg,0.0,0.0
acne/acne0/levle0_52.jpg,0.0,0.0
acne/acne0/levle0_520.jpg,0.0,0.0
acne/acne0/levle0_521.jpg,0.0,0.0
acne/acne0/levle0_522.jpg,0.0,0.0
acne/acne0/levle0_523.jpg,0.0,0.0
acne/acne0/levle0_524.jpg,0.0,0.0
acne/acne0/levle0_526.jpg,0.0,0.0
acne/acne0/levle0_527.jpg,0.0,0.0
acne/acne0/levle0_528.jpg,0.0,0.0
acne/acne0/levle0_529.jpg,0.0,0.0
acne/acne0/levle0_53.jpg,0.0,0.0
acne/acne0/levle0_530.jpg,0.0,0.0
acne/acne0/levle0_531.jpg,0.0,0.0
acne/acne0/levle0_54.jpg,0.0,0.0
acne/acne0/levle0_55.jpg,0.0,0.0
acne/acne0/levle0_56.jpg,0.0,0.0
acne/acne0/levle0_57.jpg,0.0,0.0
acne/acne0/levle0_58.jpg,0.0,0.0
acne/acne0/levle0_59.jpg,0.0,0.0
acne/acne0/levle0_60.jpg,0.0,0.0
acne/acne0/levle0_61.jpg,0.0,0.0
acne/acne0/levle0_62.jpg,0.0,0.0
acne/acne0/levle0_63.jpg,0.0,0.0
acne/acne0/levle0_64.jpg,0.0,0.0
acne/acne0/levle0_66.jpg,0.0,0.0
acne/acne0/levle0_67.jpg,0.0,0.0
acne/acne0/levle0_68.jpg,0.0,0.0
acne/acne0/levle0_69.jpg,0.0,0.0
acne/acne0/levle0_70.jpg,0.0,0.0
acne/acne0/levle0_72.jpg,0.0,0.0
acne/acne0/levle0_73.jpg,0.0,0.0
acne/acne0/levle0_74.jpg,0.0,0.0
acne/acne0/levle0_75.jpg,0.0,0.0
acne/acne0/levle0_76.jpg,0.0,0.0
acne/acne0/levle0_77.jpg,0.0,0.0
acne/acne0/levle0_78.jpg,0.0,0.0
acne/acne0/levle0_79.jpg,0.0,0.0
acne/acne0/levle0_80.jpg,0.0,0.0
acne/acne0/levle0_81.jpg,0.0,0.0
acne/acne0/levle0_82.jpg,0.0,0.0
acne/acne0/levle0_83.jpg,0.0,0.0
acne/acne0/levle0_85.jpg,0.0,0.0
acne/acne0/levle0_86.jpg,0.0,0.0
acne/acne0/levle0_87.jpg,0.0,0.0
acne/acne0/levle0_88.jpg,0.0,0.0
acne/acne0/levle0_89.jpg,0.0,0.0
acne/acne0/levle0_90.jpg,0.0,0.0
acne/acne0/levle0_91.jpg,0.0,0.0
acne/acne0/levle0_92.jpg,0.0,0.0
acne/acne0/levle0_94.jpg,0.0,0.0
acne/acne0/levle0_95.jpg,0.0,0.0
acne/acne0/levle0_96.jpg,0.0,0.0
acne/acne0/levle0_97.jpg,0.0,0.0
acne/acne0/levle0_98.jpg,0.0,0.0
acne/acne0/levle0_99.jpg,0.0,0.0
acne/acne1/levle1_0.jpg,0.3,0.0
acne/acne1/levle1_100.jpg,0.3,0.0
acne/acne1/levle1_101.jpg,0.3,0.0
acne/acne1/levle1_102.jpg,0.3,0.0
acne/acne1/levle1_103.jpg,0.3,0.0
acne/acne1/levle1_104.jpg,0.3,0.0
acne/acne1/levle1_105.jpg,0.3,0.0
acne/acne1/levle1_106.jpg,0.3,0.0
acne/acne1/levle1_107.jpg,0.3,0.0
acne/acne1/levle1_108.jpg,0.3,0.0
acne/acne1/levle1_109.jpg,0.3,0.0
acne/acne1/levle1_11.jpg,0.3,0.0
acne/acne1/levle1_110.jpg,0.3,0.0
acne/acne1/levle1_111.jpg,0.3,0.0
acne/acne1/levle1_112.jpg,0.3,0.0
acne/acne1/levle1_113.jpg,0.3,0.0
acne/acne1/levle1_114.jpg,0.3,0.0
acne/acne1/levle1_115.jpg,0.3,0.0
acne/acne1/levle1_116.jpg,0.3,0.0
acne/acne1/levle1_117.jpg,0.3,0.0
acne/acne1/levle1_118.jpg,0.3,0.0
acne/acne1/levle1_119.jpg,0.3,0.0
acne/acne1/levle1_12.jpg,0.3,0.0
acne/acne1/levle1_120.jpg,0.3,0.0
acne/acne1/levle1_121.jpg,0.3,0.0
acne/acne1/levle1_122.jpg,0.3,0.0
acne/acne1/levle1_123.jpg,0.3,0.0
acne/acne1/levle1_124.jpg,0.3,0.0
acne/acne1/levle1_125.jpg,0.3,0.0
acne/acne1/levle1_126.jpg,0.3,0.0
acne/acne1/levle1_127.jpg,0.3,0.0
acne/acne1/levle1_128.jpg,0.3,0.0
acne/acne1/levle1_129.jpg,0.3,0.0
acne/acne1/levle1_130.jpg,0.3,0.0
acne/acne1/levle1_131.jpg,0.3,0.0
acne/acne1/levle1_132.jpg,0.3,0.0
acne/acne1/levle1_133.jpg,0.3,0.0
acne/acne1/levle1_134.jpg,0.3,0.0
acne/acne1/levle1_135.jpg,0.3,0.0
acne/acne1/levle1_136.jpg,0.3,0.0
acne/acne1/levle1_137.jpg,0.3,0.0
acne/acne1/levle1_138.jpg,0.3,0.0
acne/acne1/levle1_139.jpg,0.3,0.0
acne/acne1/levle1_140.jpg,0.3,0.0
acne/acne1/levle1_141.jpg,0.3,0.0
acne/acne1/levle1_142.jpg,0.3,0.0
acne/acne1/levle1_143.jpg,0.3,0.0
acne/acne1/levle1_144.jpg,0.3,0.0
acne/acne1/levle1_145.jpg,0.3,0.0
acne/acne1/levle1_146.jpg,0.3,0.0
acne/acne1/levle1_147.jpg,0.3,0.0
acne/acne1/levle1_149.jpg,0.3,0.0
acne/acne1/levle1_15.jpg,0.3,0.0
acne/acne1/levle1_150.jpg,0.3,0.0
acne/acne1/levle1_151.jpg,0.3,0.0
acne/acne1/levle1_152.jpg,0.3,0.0
acne/acne1/levle1_153.jpg,0.3,0.0
acne/acne1/levle1_154.jpg,0.3,0.0
acne/acne1/levle1_155.jpg,0.3,0.0
acne/acne1/levle1_156.jpg,0.3,0.0
acne/acne1/levle1_157.jpg,0.3,0.0
acne/acne1/levle1_158.jpg,0.3,0.0
acne/acne1/levle1_159.jpg,0.3,0.0
acne/acne1/levle1_16.jpg,0.3,0.0
acne/acne1/levle1_160.jpg,0.3,0.0
acne/acne1/levle1_161.jpg,0.3,0.0
acne/acne1/levle1_162.jpg,0.3,0.0
acne/acne1/levle1_163.jpg,0.3,0.0
acne/acne1/levle1_164.jpg,0.3,0.0
acne/acne1/levle1_165.jpg,0.3,0.0
acne/acne1/levle1_166.jpg,0.3,0.0
acne/acne1/levle1_167.jpg,0.3,0.0
acne/acne1/levle1_168.jpg,0.3,0.0
acne/acne1/levle1_169.jpg,0.3,0.0
acne/acne1/levle1_17.jpg,0.3,0.0
acne/acne1/levle1_170.jpg,0.3,0.0
acne/acne1/levle1_171.jpg,0.3,0.0
acne/acne1/levle1_172.jpg,0.3,0.0
acne/acne1/levle1_173.jpg,0.3,0.0
acne/acne1/levle1_174.jpg,0.3,0.0
acne/acne1/levle1_175.jpg,0.3,0.0
acne/acne1/levle1_176.jpg,0.3,0.0
acne/acne1/levle1_177.jpg,0.3,0.0
acne/acne1/levle1_178.jpg,0.3,0.0
acne/acne1/levle1_179.jpg,0.3,0.0
acne/acne1/levle1_18.jpg,0.3,0.0
acne/acne1/levle1_180.jpg,0.3,0.0
acne/acne1/levle1_181.jpg,0.3,0.0
acne/acne1/levle1_182.jpg,0.3,0.0
acne/acne1/levle1_183.jpg,0.3,0.0
acne/acne1/levle1_184.jpg,0.3,0.0
acne/acne1/levle1_185.jpg,0.3,0.0
acne/acne1/levle1_186.jpg,0.3,0.0
acne/acne1/levle1_187.jpg,0.3,0.0
acne/acne1/levle1_188.jpg,0.3,0.0
acne/acne1/levle1_189.jpg,0.3,0.0
acne/acne1/levle1_19.jpg,0.3,0.0
acne/acne1/levle1_190.jpg,0.3,0.0
acne/acne1/levle1_191.jpg,0.3,0.0
acne/acne1/levle1_192.jpg,0.3,0.0
acne/acne1/levle1_193.jpg,0.3,0.0
acne/acne1/levle1_194.jpg,0.3,0.0
acne/acne1/levle1_195.jpg,0.3,0.0
acne/acne1/levle1_196.jpg,0.3,0.0
acne/acne1/levle1_197.jpg,0.3,0.0
acne/acne1/levle1_198.jpg,0.3,0.0
acne/acne1/levle1_199.jpg,0.3,0.0
acne/acne1/levle1_20.jpg,0.3,0.0
acne/acne1/levle1_200.jpg,0.3,0.0
acne/acne1/levle1_201.jpg,0.3,0.0
acne/acne1/levle1_202.jpg,0.3,0.0
acne/acne1/levle1_203.jpg,0.3,0.0
acne/acne1/levle1_204.jpg,0.3,0.0
acne/acne1/levle1_205.jpg,0.3,0.0
acne/acne1/levle1_206.jpg,0.3,0.0
acne/acne1/levle1_207.jpg,0.3,0.0
acne/acne1/levle1_208.jpg,0.3,0.0
acne/acne1/levle1_209.jpg,0.3,0.0
acne/acne1/levle1_21.jpg,0.3,0.0
acne/acne1/levle1_210.jpg,0.3,0.0
acne/acne1/levle1_211.jpg,0.3,0.0
acne/acne1/levle1_212.jpg,0.3,0.0
acne/acne1/levle1_213.jpg,0.3,0.0
acne/acne1/levle1_214.jpg,0.3,0.0
acne/acne1/levle1_215.jpg,0.3,0.0
acne/acne1/levle1_216.jpg,0.3,0.0
acne/acne1/levle1_217.jpg,0.3,0.0
acne/acne1/levle1_218.jpg,0.3,0.0
acne/acne1/levle1_219.jpg,0.3,0.0
acne/acne1/levle1_22.jpg,0.3,0.0
acne/acne1/levle1_220.jpg,0.3,0.0
acne/acne1/levle1_221.jpg,0.3,0.0
acne/acne1/levle1_222.jpg,0.3,0.0
acne/acne1/levle1_223.jpg,0.3,0.0
acne/acne1/levle1_224.jpg,0.3,0.0
acne/acne1/levle1_225.jpg,0.3,0.0
acne/acne1/levle1_226.jpg,0.3,0.0
acne/acne1/levle1_227.jpg,0.3,0.0
acne/acne1/levle1_228.jpg,0.3,0.0
acne/acne1/levle1_229.jpg,0.3,0.0
acne/acne1/levle1_23.jpg,0.3,0.0
acne/acne1/levle1_230.jpg,0.3,0.0
acne/acne1/levle1_231.jpg,0.3,0.0
acne/acne1/levle1_232.jpg,0.3,0.0
acne/acne1/levle1_233.jpg,0.3,0.0
acne/acne1/levle1_234.jpg,0.3,0.0
acne/acne1/levle1_235.jpg,0.3,0.0
acne/acne1/levle1_236.jpg,0.3,0.0
acne/acne1/levle1_237.jpg,0.3,0.0
acne/acne1/levle1_238.jpg,0.3,0.0
acne/acne1/levle1_239.jpg,0.3,0.0
acne/acne1/levle1_24.jpg,0.3,0.0
acne/acne1/levle1_240.jpg,0.3,0.0
acne/acne1/levle1_241.jpg,0.3,0.0
acne/acne1/levle1_242.jpg,0.3,0.0
acne/acne1/levle1_243.jpg,0.3,0.0
acne/acne1/levle1_244.jpg,0.3,0.0
acne/acne1/levle1_245.jpg,0.3,0.0
acne/acne1/levle1_246.jpg,0.3,0.0
acne/acne1/levle1_247.jpg,0.3,0.0
acne/acne1/levle1_248.jpg,0.3,0.0
acne/acne1/levle1_249.jpg,0.3,0.0
acne/acne1/levle1_25.jpg,0.3,0.0
acne/acne1/levle1_250.jpg,0.3,0.0
acne/acne1/levle1_251.jpg,0.3,0.0
acne/acne1/levle1_252.jpg,0.3,0.0
acne/acne1/levle1_253.jpg,0.3,0.0
acne/acne1/levle1_254.jpg,0.3,0.0
acne/acne1/levle1_257.jpg,0.3,0.0
acne/acne1/levle1_258.jpg,0.3,0.0
acne/acne1/levle1_259.jpg,0.3,0.0
acne/acne1/levle1_260.jpg,0.3,0.0
acne/acne1/levle1_261.jpg,0.3,0.0
acne/acne1/levle1_262.jpg,0.3,0.0
acne/acne1/levle1_263.jpg,0.3,0.0
acne/acne1/levle1_264.jpg,0.3,0.0
acne/acne1/levle1_265.jpg,0.3,0.0
acne/acne1/levle1_266.jpg,0.3,0.0
acne/acne1/levle1_267.jpg,0.3,0.0
acne/acne1/levle1_268.jpg,0.3,0.0
acne/acne1/levle1_269.jpg,0.3,0.0
acne/acne1/levle1_270.jpg,0.3,0.0
acne/acne1/levle1_271.jpg,0.3,0.0
acne/acne1/levle1_272.jpg,0.3,0.0
acne/acne1/levle1_273.jpg,0.3,0.0
acne/acne1/levle1_274.jpg,0.3,0.0
acne/acne1/levle1_275.jpg,0.3,0.0
acne/acne1/levle1_276.jpg,0.3,0.0
acne/acne1/levle1_277.jpg,0.3,0.0
acne/acne1/levle1_278.jpg,0.3,0.0
acne/acne1/levle1_279.jpg,0.3,0.0
acne/acne1/levle1_28.jpg,0.3,0.0
acne/acne1/levle1_280.jpg,0.3,0.0
acne/acne1/levle1_281.jpg,0.3,0.0
acne/acne1/levle1_282.jpg,0.3,0.0
acne/acne1/levle1_283.jpg,0.3,0.0
acne/acne1/levle1_284.jpg,0.3,0.0
acne/acne1/levle1_285.jpg,0.3,0.0
acne/acne1/levle1_286.jpg,0.3,0.0
acne/acne1/levle1_287.jpg,0.3,0.0
acne/acne1/levle1_288.jpg,0.3,0.0
acne/acne1/levle1_289.jpg,0.3,0.0
acne/acne1/levle1_29.jpg,0.3,0.0
acne/acne1/levle1_290.jpg,0.3,0.0
acne/acne1/levle1_291.jpg,0.3,0.0
acne/acne1/levle1_292.jpg,0.3,0.0
acne/acne1/levle1_293.jpg,0.3,0.0
acne/acne1/levle1_294.jpg,0.3,0.0
acne/acne1/levle1_295.jpg,0.3,0.0
acne/acne1/levle1_296.jpg,0.3,0.0
acne/acne1/levle1_297.jpg,0.3,0.0
acne/acne1/levle1_298.jpg,0.3,0.0
acne/acne1/levle1_299.jpg,0.3,0.0
acne/acne1/levle1_30.jpg,0.3,0.0
acne/acne1/levle1_300.jpg,0.3,0.0
acne/acne1/levle1_301.jpg,0.3,0.0
acne/acne1/levle1_302.jpg,0.3,0.0
acne/acne1/levle1_303.jpg,0.3,0.0
acne/acne1/levle1_304.jpg,0.3,0.0
acne/acne1/levle1_305.jpg,0.3,0.0
acne/acne1/levle1_306.jpg,0.3,0.0
acne/acne1/levle1_307.jpg,0.3,0.0
acne/acne1/levle1_308.jpg,0.3,0.0
acne/acne1/levle1_309.jpg,0.3,0.0
acne/acne1/levle1_31.jpg,0.3,0.0
acne/acne1/levle1_310.jpg,0.3,0.0
acne/acne1/levle1_311.jpg,0.3,0.0
acne/acne1/levle1_312.jpg,0.3,0.0
acne/acne1/levle1_313.jpg,0.3,0.0
acne/acne1/levle1_314.jpg,0.3,0.0
acne/acne1/levle1_315.jpg,0.3,0.0
acne/acne1/levle1_316.jpg,0.3,0.0
acne/acne1/levle1_317.jpg,0.3,0.0
acne/acne1/levle1_318.jpg,0.3,0.0
acne/acne1/levle1_319.jpg,0.3,0.0
acne/acne1/levle1_32.jpg,0.3,0.0
acne/acne1/levle1_320.jpg,0.3,0.0
acne/acne1/levle1_321.jpg,0.3,0.0
acne/acne1/levle1_322.jpg,0.3,0.0
acne/acne1/levle1_323.jpg,0.3,0.0
acne/acne1/levle1_324.jpg,0.3,0.0
acne/acne1/levle1_325.jpg,0.3,0.0
acne/acne1/levle1_326.jpg,0.3,0.0
acne/acne1/levle1_327.jpg,0.3,0.0
acne/acne1/levle1_328.jpg,0.3,0.0
acne/acne1/levle1_329.jpg,0.3,0.0
acne/acne1/levle1_33.jpg,0.3,0.0
acne/acne1/levle1_330.jpg,0.3,0.0
acne/acne1/levle1_331.jpg,0.3,0.0
acne/acne1/levle1_332.jpg,0.3,0.0
acne/acne1/levle1_333.jpg,0.3,0.0
acne/acne1/levle1_334.jpg,0.3,0.0
acne/acne1/levle1_335.jpg,0.3,0.0
acne/acne1/levle1_336.jpg,0.3,0.0
acne/acne1/levle1_337.jpg,0.3,0.0
acne/acne1/levle1_338.jpg,0.3,0.0
acne/acne1/levle1_339.jpg,0.3,0.0
acne/acne1/levle1_34.jpg,0.3,0.0
acne/acne1/levle1_340.jpg,0.3,0.0
acne/acne1/levle1_341.jpg,0.3,0.0
acne/acne1/levle1_342.jpg,0.3,0.0
acne/acne1/levle1_343.jpg,0.3,0.0
acne/acne1/levle1_344.jpg,0.3,0.0
acne/acne1/levle1_345.jpg,0.3,0.0
acne/acne1/levle1_346.jpg,0.3,0.0
acne/acne1/levle1_347.jpg,0.3,0.0
acne/acne1/levle1_348.jpg,0.3,0.0
acne/acne1/levle1_349.jpg,0.3,0.0
acne/acne1/levle1_35.jpg,0.3,0.0
acne/acne1/levle1_350.jpg,0.3,0.0
acne/acne1/levle1_351.jpg,0.3,0.0
acne/acne1/levle1_352.jpg,0.3,0.0
acne/acne1/levle1_353.jpg,0.3,0.0
acne/acne1/levle1_354.jpg,0.3,0.0
acne/acne1/levle1_355.jpg,0.3,0.0
acne/acne1/levle1_356.jpg,0.3,0.0
acne/acne1/levle1_357.jpg,0.3,0.0
acne/acne1/levle1_358.jpg,0.3,0.0
acne/acne1/levle1_359.jpg,0.3,0.0
acne/acne1/levle1_36.jpg,0.3,0.0
acne/acne1/levle1_360.jpg,0.3,0.0
acne/acne1/levle1_361.jpg,0.3,0.0
acne/acne1/levle1_362.jpg,0.3,0.0
acne/acne1/levle1_363.jpg,0.3,0.0
acne/acne1/levle1_364.jpg,0.3,0.0
acne/acne1/levle1_365.jpg,0.3,0.0
acne/acne1/levle1_366.jpg,0.3,0.0
acne/acne1/levle1_367.jpg,0.3,0.0
acne/acne1/levle1_368.jpg,0.3,0.0
acne/acne1/levle1_369.jpg,0.3,0.0
acne/acne1/levle1_37.jpg,0.3,0.0
acne/acne1/levle1_370.jpg,0.3,0.0
acne/acne1/levle1_371.jpg,0.3,0.0
acne/acne1/levle1_372.jpg,0.3,0.0
acne/acne1/levle1_373.jpg,0.3,0.0
acne/acne1/levle1_374.jpg,0.3,0.0
acne/acne1/levle1_375.jpg,0.3,0.0
acne/acne1/levle1_376.jpg,0.3,0.0
acne/acne1/levle1_377.jpg,0.3,0.0
acne/acne1/levle1_378.jpg,0.3,0.0
acne/acne1/levle1_379.jpg,0.3,0.0
acne/acne1/levle1_38.jpg,0.3,0.0
acne/acne1/levle1_380.jpg,0.3,0.0
acne/acne1/levle1_381.jpg,0.3,0.0
acne/acne1/levle1_382.jpg,0.3,0.0
acne/acne1/levle1_383.jpg,0.3,0.0
acne/acne1/levle1_384.jpg,0.3,0.0
acne/acne1/levle1_385.jpg,0.3,0.0
acne/acne1/levle1_386.jpg,0.3,0.0
acne/acne1/levle1_387.jpg,0.3,0.0
acne/acne1/levle1_388.jpg,0.3,0.0
acne/acne1/levle1_389.jpg,0.3,0.0
acne/acne1/levle1_39.jpg,0.3,0.0
acne/acne1/levle1_390.jpg,0.3,0.0
acne/acne1/levle1_391.jpg,0.3,0.0
acne/acne1/levle1_392.jpg,0.3,0.0
acne/acne1/levle1_393.jpg,0.3,0.0
acne/acne1/levle1_394.jpg,0.3,0.0
acne/acne1/levle1_395.jpg,0.3,0.0
acne/acne1/levle1_396.jpg,0.3,0.0
acne/acne1/levle1_397.jpg,0.3,0.0
acne/acne1/levle1_398.jpg,0.3,0.0
acne/acne1/levle1_399.jpg,0.3,0.0
acne/acne1/levle1_40.jpg,0.3,0.0
acne/acne1/levle1_400.jpg,0.3,0.0
acne/acne1/levle1_401.jpg,0.3,0.0
acne/acne1/levle1_402.jpg,0.3,0.0
acne/acne1/levle1_403.jpg,0.3,0.0
acne/acne1/levle1_404.jpg,0.3,0.0
acne/acne1/levle1_405.jpg,0.3,0.0
acne/acne1/levle1_406.jpg,0.3,0.0
acne/acne1/levle1_407.jpg,0.3,0.0
acne/acne1/levle1_408.jpg,0.3,0.0
acne/acne1/levle1_409.jpg,0.3,0.0
acne/acne1/levle1_41.jpg,0.3,0.0
acne/acne1/levle1_410.jpg,0.3,0.0
acne/acne1/levle1_411.jpg,0.3,0.0
acne/acne1/levle1_412.jpg,0.3,0.0
acne/acne1/levle1_413.jpg,0.3,0.0
acne/acne1/levle1_414.jpg,0.3,0.0
acne/acne1/levle1_415.jpg,0.3,0.0
acne/acne1/levle1_416.jpg,0.3,0.0
acne/acne1/levle1_417.jpg,0.3,0.0
acne/acne1/levle1_418.jpg,0.3,0.0
acne/acne1/levle1_419.jpg,0.3,0.0
acne/acne1/levle1_42.jpg,0.3,0.0
acne/acne1/levle1_420.jpg,0.3,0.0
acne/acne1/levle1_421.jpg,0.3,0.0
acne/acne1/levle1_422.jpg,0.3,0.0
acne/acne1/levle1_423.jpg,0.3,0.0
acne/acne1/levle1_424.jpg,0.3,0.0
acne/acne1/levle1_425.jpg,0.3,0.0
acne/acne1/levle1_426.jpg,0.3,0.0
acne/acne1/levle1_427.jpg,0.3,0.0
acne/acne1/levle1_428.jpg,0.3,0.0
acne/acne1/levle1_429.jpg,0.3,0.0
acne/acne1/levle1_43.jpg,0.3,0.0
acne/acne1/levle1_430.jpg,0.3,0.0
acne/acne1/levle1_431.jpg,0.3,0.0
acne/acne1/levle1_432.jpg,0.3,0.0
acne/acne1/levle1_433.jpg,0.3,0.0
acne/acne1/levle1_434.jpg,0.3,0.0
acne/acne1/levle1_435.jpg,0.3,0.0
acne/acne1/levle1_436.jpg,0.3,0.0
acne/acne1/levle1_437.jpg,0.3,0.0
acne/acne1/levle1_439.jpg,0.3,0.0
acne/acne1/levle1_44.jpg,0.3,0.0
acne/acne1/levle1_440.jpg,0.3,0.0
acne/acne1/levle1_441.jpg,0.3,0.0
acne/acne1/levle1_442.jpg,0.3,0.0
acne/acne1/levle1_443.jpg,0.3,0.0
acne/acne1/levle1_444.jpg,0.3,0.0
acne/acne1/levle1_445.jpg,0.3,0.0
acne/acne1/levle1_446.jpg,0.3,0.0
acne/acne1/levle1_447.jpg,0.3,0.0
acne/acne1/levle1_448.jpg,0.3,0.0
acne/acne1/levle1_449.jpg,0.3,0.0
acne/acne1/levle1_45.jpg,0.3,0.0
acne/acne1/levle1_450.jpg,0.3,0.0
acne/acne1/levle1_451.jpg,0.3,0.0
acne/acne1/levle1_452.jpg,0.3,0.0
acne/acne1/levle1_453.jpg,0.3,0.0
acne/acne1/levle1_454.jpg,0.3,0.0
acne/acne1/levle1_455.jpg,0.3,0.0
acne/acne1/levle1_456.jpg,0.3,0.0
acne/acne1/levle1_457.jpg,0.3,0.0
acne/acne1/levle1_458.jpg,0.3,0.0
acne/acne1/levle1_459.jpg,0.3,0.0
acne/acne1/levle1_46.jpg,0.3,0.0
acne/acne1/levle1_460.jpg,0.3,0.0
acne/acne1/levle1_461.jpg,0.3,0.0
acne/acne1/levle1_462.jpg,0.3,0.0
acne/acne1/levle1_463.jpg,0.3,0.0
acne/acne1/levle1_464.jpg,0.3,0.0
acne/acne1/levle1_465.jpg,0.3,0.0
acne/acne1/levle1_466.jpg,0.3,0.0
acne/acne1/levle1_467.jpg,0.3,0.0
acne/acne1/levle1_468.jpg,0.3,0.0
acne/acne1/levle1_469.jpg,0.3,0.0
acne/acne1/levle1_47.jpg,0.3,0.0
acne/acne1/levle1_470.jpg,0.3,0.0
acne/acne1/levle1_471.jpg,0.3,0.0
acne/acne1/levle1_472.jpg,0.3,0.0
acne/acne1/levle1_474.jpg,0.3,0.0
acne/acne1/levle1_475.jpg,0.3,0.0
acne/acne1/levle1_476.jpg,0.3,0.0
acne/acne1/levle1_477.jpg,0.3,0.0
acne/acne1/levle1_478.jpg,0.3,0.0
acne/acne1/levle1_479.jpg,0.3,0.0
acne/acne1/levle1_48.jpg,0.3,0.0
acne/acne1/levle1_480.jpg,0.3,0.0
acne/acne1/levle1_481.jpg,0.3,0.0
acne/acne1/levle1_482.jpg,0.3,0.0
acne/acne1/levle1_483.jpg,0.3,0.0
acne/acne1/levle1_484.jpg,0.3,0.0
acne/acne1/levle1_485.jpg,0.3,0.0
acne/acne1/levle1_486.jpg,0.3,0.0
acne/acne1/levle1_487.jpg,0.3,0.0
acne/acne1/levle1_488.jpg,0.3,0.0
acne/acne1/levle1_489.jpg,0.3,0.0
acne/acne1/levle1_49.jpg,0.3,0.0
acne/acne1/levle1_490.jpg,0.3,0.0
acne/acne1/levle1_491.jpg,0.3,0.0
acne/acne1/levle1_492.jpg,0.3,0.0
acne/acne1/levle1_493.jpg,0.3,0.0
acne/acne1/levle1_494.jpg,0.3,0.0
acne/acne1/levle1_495.jpg,0.3,0.0
acne/acne1/levle1_496.jpg,0.3,0.0
acne/acne1/levle1_497.jpg,0.3,0.0
acne/acne1/levle1_498.jpg,0.3,0.0
acne/acne1/levle1_499.jpg,0.3,0.0
acne/acne1/levle1_50.jpg,0.3,0.0
acne/acne1/levle1_500.jpg,0.3,0.0
acne/acne1/levle1_501.jpg,0.3,0.0
acne/acne1/levle1_502.jpg,0.3,0.0
acne/acne1/levle1_503.jpg,0.3,0.0
acne/acne1/levle1_504.jpg,0.3,0.0
acne/acne1/levle1_505.jpg,0.3,0.0
acne/acne1/levle1_506.jpg,0.3,0.0
acne/acne1/levle1_507.jpg,0.3,0.0
acne/acne1/levle1_508.jpg,0.3,0.0
acne/acne1/levle1_509.jpg,0.3,0.0
acne/acne1/levle1_51.jpg,0.3,0.0
acne/acne1/levle1_510.jpg,0.3,0.0
acne/acne1/levle1_511.jpg,0.3,0.0
acne/acne1/levle1_512.jpg,0.3,0.0
acne/acne1/levle1_513.jpg,0.3,0.0
acne/acne1/levle1_514.jpg,0.3,0.0
acne/acne1/levle1_515.jpg,0.3,0.0
acne/acne1/levle1_516.jpg,0.3,0.0
acne/acne1/levle1_517.jpg,0.3,0.0
acne/acne1/levle1_518.jpg,0.3,0.0
acne/acne1/levle1_519.jpg,0.3,0.0
acne/acne1/levle1_52.jpg,0.3,0.0
acne/acne1/levle1_520.jpg,0.3,0.0
acne/acne1/levle1_521.jpg,0.3,0.0
acne/acne1/levle1_522.jpg,0.3,0.0
acne/acne1/levle1_523.jpg,0.3,0.0
acne/acne1/levle1_524.jpg,0.3,0.0
acne/acne1/levle1_525.jpg,0.3,0.0
acne/acne1/levle1_526.jpg,0.3,0.0
acne/acne1/levle1_527.jpg,0.3,0.0
acne/acne1/levle1_528.jpg,0.3,0.0
acne/acne1/levle1_529.jpg,0.3,0.0
acne/acne1/levle1_53.jpg,0.3,0.0
acne/acne1/levle1_530.jpg,0.3,0.0
acne/acne1/levle1_531.jpg,0.3,0.0
acne/acne1/levle1_532.jpg,0.3,0.0
acne/acne1/levle1_533.jpg,0.3,0.0
acne/acne1/levle1_534.jpg,0.3,0.0
acne/acne1/levle1_535.jpg,0.3,0.0
acne/acne1/levle1_536.jpg,0.3,0.0
acne/acne1/levle1_537.jpg,0.3,0.0
acne/acne1/levle1_538.jpg,0.3,0.0
acne/acne1/levle1_539.jpg,0.3,0.0
acne/acne1/levle1_54.jpg,0.3,0.0
acne/acne1/levle1_540.jpg,0.3,0.0
acne/acne1/levle1_541.jpg,0.3,0.0
acne/acne1/levle1_542.jpg,0.3,0.0
acne/acne1/levle1_543.jpg,0.3,0.0
acne/acne1/levle1_544.jpg,0.3,0.0
acne/acne1/levle1_545.jpg,0.3,0.0
acne/acne1/levle1_546.jpg,0.3,0.0
acne/acne1/levle1_547.jpg,0.3,0.0
acne/acne1/levle1_548.jpg,0.3,0.0
acne/acne1/levle1_549.jpg,0.3,0.0
acne/acne1/levle1_55.jpg,0.3,0.0
acne/acne1/levle1_550.jpg,0.3,0.0
acne/acne1/levle1_551.jpg,0.3,0.0
acne/acne1/levle1_552.jpg,0.3,0.0
acne/acne1/levle1_553.jpg,0.3,0.0
acne/acne1/levle1_554.jpg,0.3,0.0
acne/acne1/levle1_555.jpg,0.3,0.0
acne/acne1/levle1_556.jpg,0.3,0.0
acne/acne1/levle1_557.jpg,0.3,0.0
acne/acne1/levle1_558.jpg,0.3,0.0
acne/acne1/levle1_559.jpg,0.3,0.0
acne/acne1/levle1_56.jpg,0.3,0.0
acne/acne1/levle1_560.jpg,0.3,0.0
acne/acne1/levle1_561.jpg,0.3,0.0
acne/acne1/levle1_562.jpg,0.3,0.0
acne/acne1/levle1_563.jpg,0.3,0.0
acne/acne1/levle1_564.jpg,0.3,0.0
acne/acne1/levle1_565.jpg,0.3,0.0
acne/acne1/levle1_566.jpg,0.3,0.0
acne/acne1/levle1_567.jpg,0.3,0.0
acne/acne1/levle1_568.jpg,0.3,0.0
acne/acne1/levle1_569.jpg,0.3,0.0
acne/acne1/levle1_57.jpg,0.3,0.0
acne/acne1/levle1_570.jpg,0.3,0.0
acne/acne1/levle1_571.jpg,0.3,0.0
acne/acne1/levle1_572.jpg,0.3,0.0
acne/acne1/levle1_573.jpg,0.3,0.0
acne/acne1/levle1_574.jpg,0.3,0.0
acne/acne1/levle1_575.jpg,0.3,0.0
acne/acne1/levle1_576.jpg,0.3,0.0
acne/acne1/levle1_577.jpg,0.3,0.0
acne/acne1/levle1_578.jpg,0.3,0.0
acne/acne1/levle1_579.jpg,0.3,0.0
acne/acne1/levle1_58.jpg,0.3,0.0
acne/acne1/levle1_580.jpg,0.3,0.0
acne/acne1/levle1_581.jpg,0.3,0.0
acne/acne1/levle1_582.jpg,0.3,0.0
acne/acne1/levle1_583.jpg,0.3,0.0
acne/acne1/levle1_584.jpg,0.3,0.0
acne/acne1/levle1_585.jpg,0.3,0.0
acne/acne1/levle1_586.jpg,0.3,0.0
acne/acne1/levle1_587.jpg,0.3,0.0
acne/acne1/levle1_588.jpg,0.3,0.0
acne/acne1/levle1_589.jpg,0.3,0.0
acne/acne1/levle1_59.jpg,0.3,0.0
acne/acne1/levle1_590.jpg,0.3,0.0
acne/acne1/levle1_591.jpg,0.3,0.0
acne/acne1/levle1_592.jpg,0.3,0.0
acne/acne1/levle1_593.jpg,0.3,0.0
acne/acne1/levle1_594.jpg,0.3,0.0
acne/acne1/levle1_595.jpg,0.3,0.0
acne/acne1/levle1_596.jpg,0.3,0.0
acne/acne1/levle1_597.jpg,0.3,0.0
acne/acne1/levle1_598.jpg,0.3,0.0
acne/acne1/levle1_599.jpg,0.3,0.0
acne/acne1/levle1_60.jpg,0.3,0.0
acne/acne1/levle1_600.jpg,0.3,0.0
acne/acne1/levle1_601.jpg,0.3,0.0
acne/acne1/levle1_603.jpg,0.3,0.0
acne/acne1/levle1_604.jpg,0.3,0.0
acne/acne1/levle1_605.jpg,0.3,0.0
acne/acne1/levle1_606.jpg,0.3,0.0
acne/acne1/levle1_607.jpg,0.3,0.0
acne/acne1/levle1_608.jpg,0.3,0.0
acne/acne1/levle1_609.jpg,0.3,0.0
acne/acne1/levle1_61.jpg,0.3,0.0
acne/acne1/levle1_610.jpg,0.3,0.0
acne/acne1/levle1_611.jpg,0.3,0.0
acne/acne1/levle1_612.jpg,0.3,0.0
acne/acne1/levle1_613.jpg,0.3,0.0
acne/acne1/levle1_614.jpg,0.3,0.0
acne/acne1/levle1_615.jpg,0.3,0.0
acne/acne1/levle1_616.jpg,0.3,0.0
acne/acne1/levle1_617.jpg,0.3,0.0
acne/acne1/levle1_618.jpg,0.3,0.0
acne/acne1/levle1_619.jpg,0.3,0.0
acne/acne1/levle1_62.jpg,0.3,0.0
acne/acne1/levle1_620.jpg,0.3,0.0
acne/acne1/levle1_621.jpg,0.3,0.0
acne/acne1/levle1_622.jpg,0.3,0.0
acne/acne1/levle1_623.jpg,0.3,0.0
acne/acne1/levle1_624.jpg,0.3,0.0
acne/acne1/levle1_625.jpg,0.3,0.0
acne/acne1/levle1_626.jpg,0.3,0.0
acne/acne1/levle1_627.jpg,0.3,0.0
acne/acne1/levle1_628.jpg,0.3,0.0
acne/acne1/levle1_629.jpg,0.3,0.0
acne/acne1/levle1_63.jpg,0.3,0.0
acne/acne1/levle1_630.jpg,0.3,0.0
acne/acne1/levle1_631.jpg,0.3,0.0
acne/acne1/levle1_632.jpg,0.3,0.0
acne/acne1/levle1_633.jpg,0.3,0.0
acne/acne1/levle1_634.jpg,0.3,0.0
acne/acne1/levle1_635.jpg,0.3,0.0
acne/acne1/levle1_636.jpg,0.3,0.0
acne/acne1/levle1_637.jpg,0.3,0.0
acne/acne1/levle1_638.jpg,0.3,0.0
acne/acne1/levle1_639.jpg,0.3,0.0
acne/acne1/levle1_64.jpg,0.3,0.0
acne/acne1/levle1_640.jpg,0.3,0.0
acne/acne1/levle1_641.jpg,0.3,0.0
acne/acne1/levle1_65.jpg,0.3,0.0
acne/acne1/levle1_66.jpg,0.3,0.0
acne/acne1/levle1_67.jpg,0.3,0.0
acne/acne1/levle1_68.jpg,0.3,0.0
acne/acne1/levle1_69.jpg,0.3,0.0
acne/acne1/levle1_7.jpg,0.3,0.0
acne/acne1/levle1_70.jpg,0.3,0.0
acne/acne1/levle1_71.jpg,0.3,0.0
acne/acne1/levle1_72.jpg,0.3,0.0
acne/acne1/levle1_74.jpg,0.3,0.0
acne/acne1/levle1_75.jpg,0.3,0.0
acne/acne1/levle1_76.jpg,0.3,0.0
acne/acne1/levle1_77.jpg,0.3,0.0
acne/acne1/levle1_78.jpg,0.3,0.0
acne/acne1/levle1_79.jpg,0.3,0.0
acne/acne1/levle1_8.jpg,0.3,0.0
acne/acne1/levle1_80.jpg,0.3,0.0
acne/acne1/levle1_81.jpg,0.3,0.0
acne/acne1/levle1_82.jpg,0.3,0.0
acne/acne1/levle1_83.jpg,0.3,0.0
acne/acne1/levle1_84.jpg,0.3,0.0
acne/acne1/levle1_85.jpg,0.3,0.0
acne/acne1/levle1_87.jpg,0.3,0.0
acne/acne1/levle1_88.jpg,0.3,0.0
acne/acne1/levle1_89.jpg,0.3,0.0
acne/acne1/levle1_9.jpg,0.3,0.0
acne/acne1/levle1_90.jpg,0.3,0.0
acne/acne1/levle1_91.jpg,0.3,0.0
acne/acne1/levle1_92.jpg,0.3,0.0
acne/acne1/levle1_93.jpg,0.3,0.0
acne/acne1/levle1_94.jpg,0.3,0.0
acne/acne1/levle1_95.jpg,0.3,0.0
acne/acne1/levle1_96.jpg,0.3,0.0
acne/acne1/levle1_97.jpg,0.3,0.0
acne/acne1/levle1_98.jpg,0.3,0.0
acne/acne1/levle1_99.jpg,0.3,0.0
acne/acne2/levle2_100.jpg,0.6,0.0
acne/acne2/levle2_101.jpg,0.6,0.0
acne/acne2/levle2_102.jpg,0.6,0.0
acne/acne2/levle2_105.jpg,0.6,0.0
acne/acne2/levle2_106.jpg,0.6,0.0
acne/acne2/levle2_107.jpg,0.6,0.0
acne/acne2/levle2_108.jpg,0.6,0.0
acne/acne2/levle2_109.jpg,0.6,0.0
acne/acne2/levle2_11.jpg,0.6,0.0
acne/acne2/levle2_110.jpg,0.6,0.0
acne/acne2/levle2_111.jpg,0.6,0.0
acne/acne2/levle2_112.jpg,0.6,0.0
acne/acne2/levle2_113.jpg,0.6,0.0
acne/acne2/levle2_114.jpg,0.6,0.0
acne/acne2/levle2_115.jpg,0.6,0.0
acne/acne2/levle2_117.jpg,0.6,0.0
acne/acne2/levle2_118.jpg,0.6,0.0
acne/acne2/levle2_119.jpg,0.6,0.0
acne/acne2/levle2_12.jpg,0.6,0.0
acne/acne2/levle2_120.jpg,0.6,0.0
acne/acne2/levle2_121.jpg,0.6,0.0
acne/acne2/levle2_122.jpg,0.6,0.0
acne/acne2/levle2_123.jpg,0.6,0.0
acne/acne2/levle2_124.jpg,0.6,0.0
acne/acne2/levle2_125.jpg,0.6,0.0
acne/acne2/levle2_126.jpg,0.6,0.0
acne/acne2/levle2_127.jpg,0.6,0.0
acne/acne2/levle2_128.jpg,0.6,0.0
acne/acne2/levle2_129.jpg,0.6,0.0
acne/acne2/levle2_13.jpg,0.6,0.0
acne/acne2/levle2_130.jpg,0.6,0.0
acne/acne2/levle2_131.jpg,0.6,0.0
acne/acne2/levle2_132.jpg,0.6,0.0
acne/acne2/levle2_134.jpg,0.6,0.0
acne/acne2/levle2_135.jpg,0.6,0.0
acne/acne2/levle2_136.jpg,0.6,0.0
acne/acne2/levle2_137.jpg,0.6,0.0
acne/acne2/levle2_138.jpg,0.6,0.0
acne/acne2/levle2_139.jpg,0.6,0.0
acne/acne2/levle2_14.jpg,0.6,0.0
acne/acne2/levle2_140.jpg,0.6,0.0
acne/acne2/levle2_141.jpg,0.6,0.0
acne/acne2/levle2_142.jpg,0.6,0.0
acne/acne2/levle2_143.jpg,0.6,0.0
acne/acne2/levle2_144.jpg,0.6,0.0
acne/acne2/levle2_145.jpg,0.6,0.0
acne/acne2/levle2_146.jpg,0.6,0.0
acne/acne2/levle2_147.jpg,0.6,0.0
acne/acne2/levle2_148.jpg,0.6,0.0
acne/acne2/levle2_149.jpg,0.6,0.0
acne/acne2/levle2_15.jpg,0.6,0.0
acne/acne2/levle2_150.jpg,0.6,0.0
acne/acne2/levle2_151.jpg,0.6,0.0
acne/acne2/levle2_152.jpg,0.6,0.0
acne/acne2/levle2_153.jpg,0.6,0.0
acne/acne2/levle2_154.jpg,0.6,0.0
acne/acne2/levle2_155.jpg,0.6,0.0
acne/acne2/levle2_156.jpg,0.6,0.0
acne/acne2/levle2_157.jpg,0.6,0.0
acne/acne2/levle2_158.jpg,0.6,0.0
acne/acne2/levle2_159.jpg,0.6,0.0
acne/acne2/levle2_16.jpg,0.6,0.0
acne/acne2/levle2_160.jpg,0.6,0.0
acne/acne2/levle2_161.jpg,0.6,0.0
acne/acne2/levle2_162.jpg,0.6,0.0
acne/acne2/levle2_163.jpg,0.6,0.0
acne/acne2/levle2_164.jpg,0.6,0.0
acne/acne2/levle2_165.jpg,0.6,0.0
acne/acne2/levle2_166.jpg,0.6,0.0
acne/acne2/levle2_167.jpg,0.6,0.0
acne/acne2/levle2_168.jpg,0.6,0.0
acne/acne2/levle2_169.jpg,0.6,0.0
acne/acne2/levle2_170.jpg,0.6,0.0
acne/acne2/levle2_171.jpg,0.6,0.0
acne/acne2/levle2_172.jpg,0.6,0.0
acne/acne2/levle2_173.jpg,0.6,0.0
acne/acne2/levle2_174.jpg,0.6,0.0
acne/acne2/levle2_175.jpg,0.6,0.0
acne/acne2/levle2_176.jpg,0.6,0.0
acne/acne2/levle2_177.jpg,0.6,0.0
acne/acne2/levle2_178.jpg,0.6,0.0
acne/acne2/levle2_179.jpg,0.6,0.0
acne/acne2/levle2_18.jpg,0.6,0.0
acne/acne2/levle2_180.jpg,0.6,0.0
acne/acne2/levle2_181.jpg,0.6,0.0
acne/acne2/levle2_182.jpg,0.6,0.0
acne/acne2/levle2_183.jpg,0.6,0.0
acne/acne2/levle2_184.jpg,0.6,0.0
acne/acne2/levle2_185.jpg,0.6,0.0
acne/acne2/levle2_186.jpg,0.6,0.0
acne/acne2/levle2_187.jpg,0.6,0.0
acne/acne2/levle2_188.jpg,0.6,0.0
acne/acne2/levle2_189.jpg,0.6,0.0
acne/acne2/levle2_19.jpg,0.6,0.0
acne/acne2/levle2_190.jpg,0.6,0.0
acne/acne2/levle2_2.jpg,0.6,0.0
acne/acne2/levle2_20.jpg,0.6,0.0
acne/acne2/levle2_21.jpg,0.6,0.0
acne/acne2/levle2_24.jpg,0.6,0.0
acne/acne2/levle2_25.jpg,0.6,0.0
acne/acne2/levle2_26.jpg,0.6,0.0
acne/acne2/levle2_27.jpg,0.6,0.0
acne/acne2/levle2_28.jpg,0.6,0.0
acne/acne2/levle2_29.jpg,0.6,0.0
acne/acne2/levle2_30.jpg,0.6,0.0
acne/acne2/levle2_31.jpg,0.6,0.0
acne/acne2/levle2_32.jpg,0.6,0.0
acne/acne2/levle2_33.jpg,0.6,0.0
acne/acne2/levle2_34.jpg,0.6,0.0
acne/acne2/levle2_35.jpg,0.6,0.0
acne/acne2/levle2_36.jpg,0.6,0.0
acne/acne2/levle2_37.jpg,0.6,0.0
acne/acne2/levle2_38.jpg,0.6,0.0
acne/acne2/levle2_39.jpg,0.6,0.0
acne/acne2/levle2_40.jpg,0.6,0.0
acne/acne2/levle2_41.jpg,0.6,0.0
acne/acne2/levle2_42.jpg,0.6,0.0
acne/acne2/levle2_43.jpg,0.6,0.0
acne/acne2/levle2_44.jpg,0.6,0.0
acne/acne2/levle2_45.jpg,0.6,0.0
acne/acne2/levle2_46.jpg,0.6,0.0
acne/acne2/levle2_47.jpg,0.6,0.0
acne/acne2/levle2_48.jpg,0.6,0.0
acne/acne2/levle2_49.jpg,0.6,0.0
acne/acne2/levle2_50.jpg,0.6,0.0
acne/acne2/levle2_51.jpg,0.6,0.0
acne/acne2/levle2_52.jpg,0.6,0.0
acne/acne2/levle2_53.jpg,0.6,0.0
acne/acne2/levle2_54.jpg,0.6,0.0
acne/acne2/levle2_55.jpg,0.6,0.0
acne/acne2/levle2_56.jpg,0.6,0.0
acne/acne2/levle2_57.jpg,0.6,0.0
acne/acne2/levle2_58.jpg,0.6,0.0
acne/acne2/levle2_59.jpg,0.6,0.0
acne/acne2/levle2_6.jpg,0.6,0.0
acne/acne2/levle2_60.jpg,0.6,0.0
acne/acne2/levle2_61.jpg,0.6,0.0
acne/acne2/levle2_62.jpg,0.6,0.0
acne/acne2/levle2_63.jpg,0.6,0.0
acne/acne2/levle2_64.jpg,0.6,0.0
acne/acne2/levle2_65.jpg,0.6,0.0
acne/acne2/levle2_66.jpg,0.6,0.0
acne/acne2/levle2_67.jpg,0.6,0.0
acne/acne2/levle2_68.jpg,0.6,0.0
acne/acne2/levle2_69.jpg,0.6,0.0
acne/acne2/levle2_7.jpg,0.6,0.0
acne/acne2/levle2_70.jpg,0.6,0.0
acne/acne2/levle2_71.jpg,0.6,0.0
acne/acne2/levle2_72.jpg,0.6,0.0
acne/acne2/levle2_73.jpg,0.6,0.0
acne/acne2/levle2_74.jpg,0.6,0.0
acne/acne2/levle2_75.jpg,0.6,0.0
acne/acne2/levle2_76.jpg,0.6,0.0
acne/acne2/levle2_77.jpg,0.6,0.0
acne/acne2/levle2_78.jpg,0.6,0.0
acne/acne2/levle2_79.jpg,0.6,0.0
acne/acne2/levle2_8.jpg,0.6,0.0
acne/acne2/levle2_81.jpg,0.6,0.0
acne/acne2/levle2_82.jpg,0.6,0.0
acne/acne2/levle2_83.jpg,0.6,0.0
acne/acne2/levle2_84.jpg,0.6,0.0
acne/acne2/levle2_85.jpg,0.6,0.0
acne/acne2/levle2_86.jpg,0.6,0.0
acne/acne2/levle2_87.jpg,0.6,0.0
acne/acne2/levle2_88.jpg,0.6,0.0
acne/acne2/levle2_89.jpg,0.6,0.0
acne/acne2/levle2_9.jpg,0.6,0.0
acne/acne2/levle2_90.jpg,0.6,0.0
acne/acne2/levle2_93.jpg,0.6,0.0
acne/acne2/levle2_94.jpg,0.6,0.0
acne/acne2/levle2_95.jpg,0.6,0.0
acne/acne2/levle2_96.jpg,0.6,0.0
acne/acne2/levle2_97.jpg,0.6,0.0
acne/acne2/levle2_98.jpg,0.6,0.0
acne/acne2/levle2_99.jpg,0.6,0.0
acne/acne3/levle3_0.jpg,0.9,0.0
acne/acne3/levle3_1.jpg,0.9,0.0
acne/acne3/levle3_101.jpg,0.9,0.0
acne/acne3/levle3_102.jpg,0.9,0.0
acne/acne3/levle3_103.jpg,0.9,0.0
acne/acne3/levle3_105.jpg,0.9,0.0
acne/acne3/levle3_106.jpg,0.9,0.0
acne/acne3/levle3_107.jpg,0.9,0.0
acne/acne3/levle3_108.jpg,0.9,0.0
acne/acne3/levle3_109.jpg,0.9,0.0
acne/acne3/levle3_110.jpg,0.9,0.0
acne/acne3/levle3_111.jpg,0.9,0.0
acne/acne3/levle3_112.jpg,0.9,0.0
acne/acne3/levle3_113.jpg,0.9,0.0
acne/acne3/levle3_114.jpg,0.9,0.0
acne/acne3/levle3_115.jpg,0.9,0.0
acne/acne3/levle3_116.jpg,0.9,0.0
acne/acne3/levle3_118.jpg,0.9,0.0
acne/acne3/levle3_119.jpg,0.9,0.0
acne/acne3/levle3_121.jpg,0.9,0.0
acne/acne3/levle3_122.jpg,0.9,0.0
acne/acne3/levle3_125.jpg,0.9,0.0
acne/acne3/levle3_126.jpg,0.9,0.0
acne/acne3/levle3_127.jpg,0.9,0.0
acne/acne3/levle3_128.jpg,0.9,0.0
acne/acne3/levle3_129.jpg,0.9,0.0
acne/acne3/levle3_130.jpg,0.9,0.0
acne/acne3/levle3_131.jpg,0.9,0.0
acne/acne3/levle3_132.jpg,0.9,0.0
acne/acne3/levle3_133.jpg,0.9,0.0
acne/acne3/levle3_136.jpg,0.9,0.0
acne/acne3/levle3_14.jpg,0.9,0.0
acne/acne3/levle3_140.jpg,0.9,0.0
acne/acne3/levle3_141.jpg,0.9,0.0
acne/acne3/levle3_142.jpg,0.9,0.0
acne/acne3/levle3_143.jpg,0.9,0.0
acne/acne3/levle3_144.jpg,0.9,0.0
acne/acne3/levle3_145.jpg,0.9,0.0
acne/acne3/levle3_2.jpg,0.9,0.0
acne/acne3/levle3_21.jpg,0.9,0.0
acne/acne3/levle3_23.jpg,0.9,0.0
acne/acne3/levle3_24.jpg,0.9,0.0
acne/acne3/levle3_26.jpg,0.9,0.0
acne/acne3/levle3_27.jpg,0.9,0.0
acne/acne3/levle3_28.jpg,0.9,0.0
acne/acne3/levle3_29.jpg,0.9,0.0
acne/acne3/levle3_30.jpg,0.9,0.0
acne/acne3/levle3_31.jpg,0.9,0.0
acne/acne3/levle3_33.jpg,0.9,0.0
acne/acne3/levle3_34.jpg,0.9,0.0
acne/acne3/levle3_36.jpg,0.9,0.0
acne/acne3/levle3_37.jpg,0.9,0.0
acne/acne3/levle3_38.jpg,0.9,0.0
acne/acne3/levle3_39.jpg,0.9,0.0
acne/acne3/levle3_4.jpg,0.9,0.0
acne/acne3/levle3_40.jpg,0.9,0.0
acne/acne3/levle3_42.jpg,0.9,0.0
acne/acne3/levle3_43.jpg,0.9,0.0
acne/acne3/levle3_44.jpg,0.9,0.0
acne/acne3/levle3_46.jpg,0.9,0.0
acne/acne3/levle3_49.jpg,0.9,0.0
acne/acne3/levle3_52.jpg,0.9,0.0
acne/acne3/levle3_53.jpg,0.9,0.0
acne/acne3/levle3_55.jpg,0.9,0.0
acne/acne3/levle3_56.jpg,0.9,0.0
acne/acne3/levle3_57.jpg,0.9,0.0
acne/acne3/levle3_58.jpg,0.9,0.0
acne/acne3/levle3_63.jpg,0.9,0.0
acne/acne3/levle3_64.jpg,0.9,0.0
acne/acne3/levle3_65.jpg,0.9,0.0
acne/acne3/levle3_68.jpg,0.9,0.0
acne/acne3/levle3_70.jpg,0.9,0.0
acne/acne3/levle3_71.jpg,0.9,0.0
acne/acne3/levle3_72.jpg,0.9,0.0
acne/acne3/levle3_73.jpg,0.9,0.0
acne/acne3/levle3_74.jpg,0.9,0.0
acne/acne3/levle3_75.jpg,0.9,0.0
acne/acne3/levle3_77.jpg,0.9,0.0
acne/acne3/levle3_79.jpg,0.9,0.0
acne/acne3/levle3_80.jpg,0.9,0.0
acne/acne3/levle3_81.jpg,0.9,0.0
acne/acne3/levle3_82.jpg,0.9,0.0
acne/acne3/levle3_83.jpg,0.9,0.0
acne/acne3/levle3_84.jpg,0.9,0.0
acne/acne3/levle3_85.jpg,0.9,0.0
acne/acne3/levle3_86.jpg,0.9,0.0
acne/acne3/levle3_87.jpg,0.9,0.0
acne/acne3/levle3_89.jpg,0.9,0.0
acne/acne3/levle3_90.jpg,0.9,0.0
acne/acne3/levle3_91.jpg,0.9,0.0
acne/acne3/levle3_92.jpg,0.9,0.0
acne/acne3/levle3_93.jpg,0.9,0.0
acne/acne3/levle3_94.jpg,0.9,0.0
acne/acne3/levle3_95.jpg,0.9,0.0
acne/acne3/levle3_96.jpg,0.9,0.0
acne/acne3/levle3_97.jpg,0.9,0.0
wrinkles/001A02.JPG,0.0,0.1
wrinkles/001A05.JPG,0.0,0.1
wrinkles/001A08.JPG,0.0,0.1
wrinkles/001A10.JPG,0.0,0.1
wrinkles/001A14.JPG,0.0,0.1
wrinkles/001A16.JPG,0.0,0.1
wrinkles/001A18.JPG,0.0,0.1
wrinkles/001A19.JPG,0.0,0.1
wrinkles/001A22.JPG,0.0,0.1
wrinkles/001A28.JPG,0.0,0.4
wrinkles/001A29.JPG,0.0,0.4
wrinkles/001A33.JPG,0.0,0.4
wrinkles/001A40.JPG,0.0,0.8
wrinkles/002A03.JPG,0.0,0.1
wrinkles/002A04.JPG,0.0,0.1
wrinkles/002A05.JPG,0.0,0.1
wrinkles/002A07.JPG,0.0,0.1
wrinkles/002A12.JPG,0.0,0.1
wrinkles/002A15.JPG,0.0,0.1
wrinkles/002A16.JPG,0.0,0.1
wrinkles/002A18.JPG,0.0,0.1
wrinkles/002A20.JPG,0.0,0.1
wrinkles/002A21.JPG,0.0,0.1
wrinkles/002A23.JPG,0.0,0.1
wrinkles/002A26.JPG,0.0,0.4
wrinkles/002A29.JPG,0.0,0.4
wrinkles/002A31.JPG,0.0,0.4
wrinkles/002A36.JPG,0.0,0.4
wrinkles/002A38.JPG,0.0,0.4
wrinkles/003A18.JPG,0.0,0.1
wrinkles/003A20.JPG,0.0,0.1
wrinkles/003A23.JPG,0.0,0.1
wrinkles/003A25.JPG,0.0,0.4
wrinkles/003A35.JPG,0.0,0.4
wrinkles/003A38.JPG,0.0,0.4
wrinkles/003A47.JPG,0.0,0.8
wrinkles/003A49.JPG,0.0,0.8
wrinkles/003A51.JPG,0.0,0.8
wrinkles/003A58.JPG,0.0,0.8
wrinkles/003A60.JPG,0.0,0.8
wrinkles/003A61.JPG,0.0,0.8
wrinkles/004A19.JPG,0.0,0.1
wrinkles/004A21.JPG,0.0,0.1
wrinkles/004A26.JPG,0.0,0.4
wrinkles/004A28.JPG,0.0,0.4
wrinkles/004A30.JPG,0.0,0.4
wrinkles/004A37.JPG,0.0,0.4
wrinkles/004A40.JPG,0.0,0.8
wrinkles/004A48.JPG,0.0,0.8
wrinkles/004A51.JPG,0.0,0.8
wrinkles/004A53.JPG,0.0,0.8
wrinkles/004A62.JPG,0.0,0.8
wrinkles/004A63.JPG,0.0,0.8
wrinkles/005A18.JPG,0.0,0.1
wrinkles/005A24.JPG,0.0,0.1
wrinkles/005A30.JPG,0.0,0.4
wrinkles/005A31.JPG,0.0,0.4
wrinkles/005A35.JPG,0.0,0.4
wrinkles/005A40.JPG,0.0,0.8
wrinkles/005A45.JPG,0.0,0.8
wrinkles/005A48.JPG,0.0,0.8
wrinkles/005A49.JPG,0.0,0.8
wrinkles/005A52.JPG,0.0,0.8
wrinkles/005A61.JPG,0.0,0.8
wrinkles/006A24.JPG,0.0,0.1
wrinkles/006A28.JPG,0.0,0.4
wrinkles/006A31.JPG,0.0,0.4
wrinkles/006A36.JPG,0.0,0.4
wrinkles/006A40.JPG,0.0,0.8
wrinkles/006A42.JPG,0.0,0.8
wrinkles/006A46.JPG,0.0,0.8
wrinkles/006A51.JPG,0.0,0.8
wrinkles/006A55.JPG,0.0,0.8
wrinkles/006A61.JPG,0.0,0.8
wrinkles/006A67.JPG,0.0,0.8
wrinkles/006A69.JPG,0.0,0.8
wrinkles/007A01.JPG,0.0,0.1
wrinkles/007A18.JPG,0.0,0.1
wrinkles/007A22.JPG,0.0,0.1
wrinkles/007A23.JPG,0.0,0.1
wrinkles/007A26.JPG,0.0,0.4
wrinkles/007A37.JPG,0.0,0.4
wrinkles/007A38.JPG,0.0,0.4
wrinkles/007A39.JPG,0.0,0.4
wrinkles/007A45.JPG,0.0,0.8
wrinkles/008A03.JPG,0.0,0.1
wrinkles/008A06.JPG,0.0,0.1
wrinkles/008A08.JPG,0.0,0.1
wrinkles/008A12.JPG,0.0,0.1
wrinkles/008A13.JPG,0.0,0.1
wrinkles/008A16.JPG,0.0,0.1
wrinkles/008A17.JPG,0.0,0.1
wrinkles/008A18.JPG,0.0,0.1
wrinkles/008A21.JPG,0.0,0.1
wrinkles/008A29.JPG,0.0,0.4
wrinkles/008A30.JPG,0.0,0.4
wrinkles/008A31.JPG,0.0,0.4
wrinkles/008A33.JPG,0.0,0.4
wrinkles/008A35.JPG,0.0,0.4
wrinkles/008A41.JPG,0.0,0.8
wrinkles/009A00.JPG,0.0,0.1
wrinkles/009A01.JPG,0.0,0.1
wrinkles/009A03.JPG,0.0,0.1
wrinkles/009A05.JPG,0.0,0.1
wrinkles/009A09.JPG,0.0,0.1
wrinkles/009A11.JPG,0.0,0.1
wrinkles/009A13.JPG,0.0,0.1
wrinkles/009A14.JPG,0.0,0.1
wrinkles/009A18.JPG,0.0,0.1
wrinkles/010A01.JPG,0.0,0.1
wrinkles/010A04.JPG,0.0,0.1
wrinkles/010A05.JPG,0.0,0.1
wrinkles/010A06.JPG,0.0,0.1
wrinkles/010A09.JPG,0.0,0.1
wrinkles/010A10.JPG,0.0,0.1
wrinkles/010A12.JPG,0.0,0.1
wrinkles/010A15.JPG,0.0,0.1
wrinkles/010A16.JPG,0.0,0.1
wrinkles/010A18.JPG,0.0,0.1
wrinkles/011A02.JPG,0.0,0.1
wrinkles/011A05.JPG,0.0,0.1
wrinkles/011A07.JPG,0.0,0.1
wrinkles/011A11.JPG,0.0,0.1
wrinkles/011A13.JPG,0.0,0.1
wrinkles/011A14.JPG,0.0,0.1
wrinkles/011A15.JPG,0.0,0.1
wrinkles/011A17.JPG,0.0,0.1
wrinkles/011A20.JPG,0.0,0.1
wrinkles/011A27.JPG,0.0,0.4
wrinkles/011A30.JPG,0.0,0.4
wrinkles/011A34.JPG,0.0,0.4
wrinkles/011A40.JPG,0.0,0.8
wrinkles/011A42.JPG,0.0,0.8
wrinkles/012A04.JPG,0.0,0.1
wrinkles/012A07.JPG,0.0,0.1
wrinkles/012A12.JPG,0.0,0.1
wrinkles/012A14.JPG,0.0,0.1
wrinkles/012A18.JPG,0.0,0.1
wrinkles/012A21.JPG,0.0,0.1
wrinkles/012A23.JPG,0.0,0.1
wrinkles/012A24.JPG,0.0,0.1
wrinkles/012A25.JPG,0.0,0.4
wrinkles/012A26.JPG,0.0,0.4
wrinkles/012A27.JPG,0.0,0.4
wrinkles/012A30.JPG,0.0,0.4
wrinkles/012A32.JPG,0.0,0.4
wrinkles/012A34.JPG,0.0,0.4
wrinkles/012A36.JPG,0.0,0.4
wrinkles/013A00.JPG,0.0,0.1
wrinkles/013A08.JPG,0.0,0.1
wrinkles/013A16.JPG,0.0,0.1
wrinkles/013A18.JPG,0.0,0.1
wrinkles/013A19.JPG,0.0,0.1
wrinkles/013A21.JPG,0.0,0.1
wrinkles/013A23.JPG,0.0,0.1
wrinkles/013A25.JPG,0.0,0.4
wrinkles/013A30.JPG,0.0,0.4
wrinkles/013A34.JPG,0.0,0.4
wrinkles/013A41.JPG,0.0,0.8
wrinkles/013A44.JPG,0.0,0.8
wrinkles/014A03.JPG,0.0,0.1
wrinkles/014A12.JPG,0.0,0.1
wrinkles/014A14.JPG,0.0,0.1
wrinkles/014A16.JPG,0.0,0.1
wrinkles/014A18.JPG,0.0,0.1
wrinkles/014A22.JPG,0.0,0.1
wrinkles/014A30.JPG,0.0,0.4
wrinkles/014A36.JPG,0.0,0.4
wrinkles/014A40.JPG,0.0,0.8
wrinkles/014A42.JPG,0.0,0.8
wrinkles/015A00.JPG,0.0,0.1
wrinkles/015A01.JPG,0.0,0.1
wrinkles/015A03.JPG,0.0,0.1
wrinkles/015A04.JPG,0.0,0.1
wrinkles/015A05.JPG,0.0,0.1
wrinkles/015A07.JPG,0.0,0.1
wrinkles/015A09.JPG,0.0,0.1
wrinkles/015A10.JPG,0.0,0.1
wrinkles/015A12.JPG,0.0,0.1
wrinkles/015A14.JPG,0.0,0.1
wrinkles/015A15.JPG,0.0,0.1
wrinkles/015A17.JPG,0.0,0.1
wrinkles/015A19.JPG,0.0,0.1
wrinkles/016A01.JPG,0.0,0.1
wrinkles/016A03.JPG,0.0,0.1
wrinkles/016A04.JPG,0.0,0.1
wrinkles/016A05.JPG,0.0,0.1
wrinkles/016A07.JPG,0.0,0.1
wrinkles/016A08.JPG,0.0,0.1
wrinkles/016A10.JPG,0.0,0.1
wrinkles/016A12.JPG,0.0,0.1
wrinkles/016A14.JPG,0.0,0.1
wrinkles/016A16.JPG,0.0,0.1
wrinkles/016A17.JPG,0.0,0.1
wrinkles/016A18.JPG,0.0,0.1
wrinkles/016A19.JPG,0.0,0.1
wrinkles/017A05.JPG,0.0,0.1
wrinkles/017A07.JPG,0.0,0.1
wrinkles/017A12.JPG,0.0,0.1
wrinkles/017A15.JPG,0.0,0.1
wrinkles/017A17.JPG,0.0,0.1
wrinkles/017A19.JPG,0.0,0.1
wrinkles/017A22.JPG,0.0,0.1
wrinkles/017A26.JPG,0.0,0.4
wrinkles/017A29.JPG,0.0,0.4
wrinkles/017A32.JPG,0.0,0.4
wrinkles/017A36.JPG,0.0,0.4
wrinkles/017A38.JPG,0.0,0.4
wrinkles/017A42.JPG,0.0,0.8
wrinkles/018A06.JPG,0.0,0.1
wrinkles/018A11.JPG,0.0,0.1
wrinkles/018A16.JPG,0.0,0.1
wrinkles/018A18.JPG,0.0,0.1
wrinkles/018A22.JPG,0.0,0.1
wrinkles/018A25.JPG,0.0,0.4
wrinkles/018A28.JPG,0.0,0.4
wrinkles/018A29.JPG,0.0,0.4
wrinkles/018A33.JPG,0.0,0.4
wrinkles/018A34.JPG,0.0,0.4
wrinkles/018A36.JPG,0.0,0.4
wrinkles/019A00.JPG,0.0,0.1
wrinkles/019A03.JPG,0.0,0.1
wrinkles/019A05.JPG,0.0,0.1
wrinkles/019A07.JPG,0.0,0.1
wrinkles/019A12.JPG,0.0,0.1
wrinkles/019A15.JPG,0.0,0.1
wrinkles/019A18.JPG,0.0,0.1
wrinkles/019A23.JPG,0.0,0.1
wrinkles/019A27.JPG,0.0,0.4
wrinkles/019A30.JPG,0.0,0.4
wrinkles/020A02.JPG,0.0,0.1
wrinkles/020A04.JPG,0.0,0.1
wrinkles/020A08.JPG,0.0,0.1
wrinkles/020A11.JPG,0.0,0.1
wrinkles/020A13.JPG,0.0,0.1
wrinkles/020A16.JPG,0.0,0.1
wrinkles/020A18.JPG,0.0,0.1
wrinkles/020A20.JPG,0.0,0.1
wrinkles/020A22.JPG,0.0,0.1
wrinkles/020A24.JPG,0.0,0.1
wrinkles/020A26.JPG,0.0,0.4
wrinkles/020A30.JPG,0.0,0.4
wrinkles/020A36.JPG,0.0,0.4
wrinkles/021A03.JPG,0.0,0.1
wrinkles/021A05.JPG,0.0,0.1
wrinkles/021A06.JPG,0.0,0.1
wrinkles/021A11.JPG,0.0,0.1
wrinkles/021A16.JPG,0.0,0.1
wrinkles/021A18.JPG,0.0,0.1
wrinkles/021A20.JPG,0.0,0.1
wrinkles/021A23.JPG,0.0,0.1
wrinkles/021A27.JPG,0.0,0.4
wrinkles/021A30.JPG,0.0,0.4
wrinkles/021A35.JPG,0.0,0.4
wrinkles/021A39.JPG,0.0,0.4
wrinkles/022A00.JPG,0.0,0.1
wrinkles/022A07.JPG,0.0,0.1
wrinkles/022A11.JPG,0.0,0.1
wrinkles/022A14.JPG,0.0,0.1
wrinkles/022A16.JPG,0.0,0.1
wrinkles/022A18.JPG,0.0,0.1
wrinkles/022A20.JPG,0.0,0.1
wrinkles/022A23.JPG,0.0,0.1
wrinkles/022A25.JPG,0.0,0.4
wrinkles/022A26.JPG,0.0,0.4
wrinkles/022A27.JPG,0.0,0.4
wrinkles/022A28.JPG,0.0,0.4
wrinkles/022A30.JPG,0.0,0.4
wrinkles/023A00.JPG,0.0,0.1
wrinkles/023A03.JPG,0.0,0.1
wrinkles/023A05.JPG,0.0,0.1
wrinkles/023A07.JPG,0.0,0.1
wrinkles/023A09.JPG,0.0,0.1
wrinkles/023A14.JPG,0.0,0.1
wrinkles/023A16.JPG,0.0,0.1
wrinkles/023A18.JPG,0.0,0.1
wrinkles/023A21.JPG,0.0,0.1
wrinkles/023A22.JPG,0.0,0.1
wrinkles/023A25.JPG,0.0,0.4
wrinkles/023A29.JPG,0.0,0.4
wrinkles/024A00.JPG,0.0,0.1
wrinkles/024A05.JPG,0.0,0.1
wrinkles/024A07.JPG,0.0,0.1
wrinkles/024A10.JPG,0.0,0.1
wrinkles/024A17.JPG,0.0,0.1
wrinkles/024A18.JPG,0.0,0.1
wrinkles/024A19.JPG,0.0,0.1
wrinkles/024A23.JPG,0.0,0.1
wrinkles/024A25.JPG,0.0,0.4
wrinkles/024A28.JPG,0.0,0.4
wrinkles/024A30.JPG,0.0,0.4
wrinkles/025A00.JPG,0.0,0.1
wrinkles/025A03.JPG,0.0,0.1
wrinkles/025A07.JPG,0.0,0.1
wrinkles/025A12.JPG,0.0,0.1
wrinkles/025A15.JPG,0.0,0.1
wrinkles/025A18.JPG,0.0,0.1
wrinkles/025A19.JPG,0.0,0.1
wrinkles/025A22.JPG,0.0,0.1
wrinkles/025A23.JPG,0.0,0.1
wrinkles/025A28.JPG,0.0,0.4
wrinkles/025A34.JPG,0.0,0.4
wrinkles/025A39.JPG,0.0,0.4
wrinkles/026A00.JPG,0.0,0.1
wrinkles/026A02.JPG,0.0,0.1
wrinkles/026A04.JPG,0.0,0.1
wrinkles/026A06.JPG,0.0,0.1
wrinkles/026A07.JPG,0.0,0.1
wrinkles/026A11.JPG,0.0,0.1
wrinkles/026A13.JPG,0.0,0.1
wrinkles/026A15.JPG,0.0,0.1
wrinkles/026A17.JPG,0.0,0.1
wrinkles/026A18.JPG,0.0,0.1
wrinkles/026A19.JPG,0.0,0.1
wrinkles/027A02.JPG,0.0,0.1
wrinkles/027A11.JPG,0.0,0.1
wrinkles/027A13.JPG,0.0,0.1
wrinkles/027A16.JPG,0.0,0.1
wrinkles/027A18.JPG,0.0,0.1
wrinkles/027A20.JPG,0.0,0.1
wrinkles/027A22.JPG,0.0,0.1
wrinkles/027A25.JPG,0.0,0.4
wrinkles/027A30.JPG,0.0,0.4
wrinkles/027A36.JPG,0.0,0.4
wrinkles/027A41.JPG,0.0,0.8
wrinkles/028A14.JPG,0.0,0.1
wrinkles/028A16.JPG,0.0,0.1
wrinkles/028A18.JPG,0.0,0.1
wrinkles/028A20.JPG,0.0,0.1
wrinkles/028A26.JPG,0.0,0.4
wrinkles/028A28.JPG,0.0,0.4
wrinkles/028A34.JPG,0.0,0.4
wrinkles/028A35.JPG,0.0,0.4
wrinkles/028A37.JPG,0.0,0.4
wrinkles/028A41.JPG,0.0,0.8
wrinkles/028A46.JPG,0.0,0.8
wrinkles/029A01.JPG,0.0,0.1
wrinkles/029A04.JPG,0.0,0.1
wrinkles/029A05.JPG,0.0,0.1
wrinkles/029A10.JPG,0.0,0.1
wrinkles/029A11.JPG,0.0,0.1
wrinkles/029A13.JPG,0.0,0.1
wrinkles/029A16.JPG,0.0,0.1
wrinkles/029A20.JPG,0.0,0.1
wrinkles/029A22.JPG,0.0,0.1
wrinkles/029A23.JPG,0.0,0.1
wrinkles/029A29.JPG,0.0,0.4
wrinkles/029A31.JPG,0.0,0.4
wrinkles/029A33.JPG,0.0,0.4
wrinkles/030A00.JPG,0.0,0.1
wrinkles/030A04.JPG,0.0,0.1
wrinkles/030A05.JPG,0.0,0.1
wrinkles/030A07.JPG,0.0,0.1
wrinkles/030A10.JPG,0.0,0.1
wrinkles/030A16.JPG,0.0,0.1
wrinkles/030A17.JPG,0.0,0.1
wrinkles/030A18.JPG,0.0,0.1
wrinkles/030A20.JPG,0.0,0.1
wrinkles/030A23.JPG,0.0,0.1
wrinkles/030A26.JPG,0.0,0.4
wrinkles/031A00.JPG,0.0,0.1
wrinkles/031A02.JPG,0.0,0.1
wrinkles/031A03.JPG,0.0,0.1
wrinkles/031A04.JPG,0.0,0.1
wrinkles/031A06.JPG,0.0,0.1
wrinkles/031A07.JPG,0.0,0.1
wrinkles/031A09.JPG,0.0,0.1
wrinkles/031A11.JPG,0.0,0.1
wrinkles/031A12.JPG,0.0,0.1
wrinkles/031A14.JPG,0.0,0.1
wrinkles/031A15.JPG,0.0,0.1
wrinkles/031A16.JPG,0.0,0.1
wrinkles/031A19.JPG,0.0,0.1
wrinkles/032A06.JPG,0.0,0.1
wrinkles/032A08.JPG,0.0,0.1
wrinkles/032A10.JPG,0.0,0.1
wrinkles/032A13.JPG,0.0,0.1
wrinkles/032A15.JPG,0.0,0.1
wrinkles/032A18.JPG,0.0,0.1
wrinkles/032A20.JPG,0.0,0.1
wrinkles/032A24.JPG,0.0,0.1
wrinkles/032A28.JPG,0.0,0.4
wrinkles/032A33.JPG,0.0,0.4
wrinkles/032A35.JPG,0.0,0.4
wrinkles/032A40.JPG,0.0,0.8
wrinkles/033A02.JPG,0.0,0.1
wrinkles/033A05.JPG,0.0,0.1
wrinkles/033A10.JPG,0.0,0.1
wrinkles/033A14.JPG,0.0,0.1
wrinkles/033A18.JPG,0.0,0.1
wrinkles/033A21.JPG,0.0,0.1
wrinkles/033A25.JPG,0.0,0.4
wrinkles/033A30.JPG,0.0,0.4
wrinkles/033A35.JPG,0.0,0.4
wrinkles/033A39.JPG,0.0,0.4
wrinkles/033A44.JPG,0.0,0.8
wrinkles/034A02.JPG,0.0,0.1
wrinkles/034A04.JPG,0.0,0.1
wrinkles/034A11.JPG,0.0,0.1
wrinkles/034A13.JPG,0.0,0.1
wrinkles/034A15.JPG,0.0,0.1
wrinkles/034A16.JPG,0.0,0.1
wrinkles/034A18.JPG,0.0,0.1
wrinkles/034A21.JPG,0.0,0.1
wrinkles/034A25.JPG,0.0,0.4
wrinkles/034A30.JPG,0.0,0.4
wrinkles/034A35.JPG,0.0,0.4
wrinkles/034A39.JPG,0.0,0.4
wrinkles/034A44.JPG,0.0,0.8
wrinkles/035A00.JPG,0.0,0.1
wrinkles/035A01.JPG,0.0,0.1
wrinkles/035A03.JPG,0.0,0.1
wrinkles/035A05.JPG,0.0,0.1
wrinkles/035A07.JPG,0.0,0.1
wrinkles/035A08.JPG,0.0,0.1
wrinkles/035A09.JPG,0.0,0.1
wrinkles/035A12.JPG,0.0,0.1
wrinkles/035A14.JPG,0.0,0.1
wrinkles/035A16.JPG,0.0,0.1
wrinkles/035A18.JPG,0.0,0.1
wrinkles/035A21.JPG,0.0,0.1
wrinkles/036A00.JPG,0.0,0.1
wrinkles/036A01.JPG,0.0,0.1
wrinkles/036A03.JPG,0.0,0.1
wrinkles/036A05.JPG,0.0,0.1
wrinkles/036A06.JPG,0.0,0.1
wrinkles/036A08.JPG,0.0,0.1
wrinkles/036A11.JPG,0.0,0.1
wrinkles/036A13.JPG,0.0,0.1
wrinkles/036A15.JPG,0.0,0.1
wrinkles/036A17.JPG,0.0,0.1
wrinkles/036A18.JPG,0.0,0.1
wrinkles/036A19.JPG,0.0,0.1
wrinkles/036A20.JPG,0.0,0.1
wrinkles/037A00.JPG,0.0,0.1
wrinkles/037A01.JPG,0.0,0.1
wrinkles/037A02.JPG,0.0,0.1
wrinkles/037A04.JPG,0.0,0.1
wrinkles/037A06.JPG,0.0,0.1
wrinkles/037A08.JPG,0.0,0.1
wrinkles/037A09.JPG,0.0,0.1
wrinkles/037A11.JPG,0.0,0.1
wrinkles/037A13.JPG,0.0,0.1
wrinkles/037A17.JPG,0.0,0.1
wrinkles/037A18.JPG,0.0,0.1
wrinkles/037A19.JPG,0.0,0.1
wrinkles/038A00.JPG,0.0,0.1
wrinkles/038A01.JPG,0.0,0.1
wrinkles/038A03.JPG,0.0,0.1
wrinkles/038A04.JPG,0.0,0.1
wrinkles/038A05.JPG,0.0,0.1
wrinkles/038A08.JPG,0.0,0.1
wrinkles/038A10.JPG,0.0,0.1
wrinkles/038A11.JPG,0.0,0.1
wrinkles/038A13.JPG,0.0,0.1
wrinkles/038A14.JPG,0.0,0.1
wrinkles/038A17.JPG,0.0,0.1
wrinkles/038A21.JPG,0.0,0.1
wrinkles/038A23.JPG,0.0,0.1
wrinkles/038A34.JPG,0.0,0.4
wrinkles/039A02.JPG,0.0,0.1
wrinkles/039A05.JPG,0.0,0.1
wrinkles/039A07.JPG,0.0,0.1
wrinkles/039A10.JPG,0.0,0.1
wrinkles/039A11.JPG,0.0,0.1
wrinkles/039A13.JPG,0.0,0.1
wrinkles/039A15.JPG,0.0,0.1
wrinkles/039A16.JPG,0.0,0.1
wrinkles/039A17.JPG,0.0,0.1
wrinkles/039A19.JPG,0.0,0.1
wrinkles/039A35.JPG,0.0,0.4
wrinkles/039A45.JPG,0.0,0.8
wrinkles/039A50.JPG,0.0,0.8
wrinkles/039A52.JPG,0.0,0.8
wrinkles/040A00.JPG,0.0,0.1
wrinkles/040A02.JPG,0.0,0.1
wrinkles/040A05.JPG,0.0,0.1
wrinkles/040A06.JPG,0.0,0.1
wrinkles/040A07.JPG,0.0,0.1
wrinkles/040A09.JPG,0.0,0.1
wrinkles/040A10.JPG,0.0,0.1
wrinkles/040A12.JPG,0.0,0.1
wrinkles/040A14.JPG,0.0,0.1
wrinkles/040A16.JPG,0.0,0.1
wrinkles/040A19.JPG,0.0,0.1
wrinkles/040A21.JPG,0.0,0.1
wrinkles/041A00.JPG,0.0,0.1
wrinkles/041A02.JPG,0.0,0.1
wrinkles/041A04.JPG,0.0,0.1
wrinkles/041A06.JPG,0.0,0.1
wrinkles/041A09.JPG,0.0,0.1
wrinkles/041A13.JPG,0.0,0.1
wrinkles/041A19.JPG,0.0,0.1
wrinkles/041A20.JPG,0.0,0.1
wrinkles/041A21.JPG,0.0,0.1
wrinkles/041A24.JPG,0.0,0.1
wrinkles/042A00.JPG,0.0,0.1
wrinkles/042A01.JPG,0.0,0.1
wrinkles/042A04.JPG,0.0,0.1
wrinkles/042A05.JPG,0.0,0.1
wrinkles/042A06.JPG,0.0,0.1
wrinkles/042A08.JPG,0.0,0.1
wrinkles/042A10.JPG,0.0,0.1
wrinkles/042A12.JPG,0.0,0.1
wrinkles/042A14.JPG,0.0,0.1
wrinkles/042A18.JPG,0.0,0.1
wrinkles/042A20.JPG,0.0,0.1
wrinkles/042A24.JPG,0.0,0.1
wrinkles/042A28.JPG,0.0,0.4
wrinkles/043A00.JPG,0.0,0.1
wrinkles/043A03.JPG,0.0,0.1
wrinkles/043A04.JPG,0.0,0.1
wrinkles/043A05.JPG,0.0,0.1
wrinkles/043A10.JPG,0.0,0.1
wrinkles/043A13.JPG,0.0,0.1
wrinkles/043A15.JPG,0.0,0.1
wrinkles/043A17.JPG,0.0,0.1
wrinkles/043A19.JPG,0.0,0.1
wrinkles/043A23.JPG,0.0,0.1
wrinkles/043A27.JPG,0.0,0.4
wrinkles/044A01.JPG,0.0,0.1
wrinkles/044A03.JPG,0.0,0.1
wrinkles/044A05.JPG,0.0,0.1
wrinkles/044A07.JPG,0.0,0.1
wrinkles/044A13.JPG,0.0,0.1
wrinkles/044A15.JPG,0.0,0.1
wrinkles/044A17.JPG,0.0,0.1
wrinkles/044A18.JPG,0.0,0.1
wrinkles/044A21.JPG,0.0,0.1
wrinkles/044A25.JPG,0.0,0.4
wrinkles/045A03.JPG,0.0,0.1
wrinkles/045A06.JPG,0.0,0.1
wrinkles/045A08.JPG,0.0,0.1
wrinkles/045A12.JPG,0.0,0.1
wrinkles/045A17.JPG,0.0,0.1
wrinkles/045A18.JPG,0.0,0.1
wrinkles/045A19.JPG,0.0,0.1
wrinkles/045A25.JPG,0.0,0.4
wrinkles/045A28.JPG,0.0,0.4
wrinkles/045A32.JPG,0.0,0.4
wrinkles/045A40.JPG,0.0,0.8
wrinkles/045A43.JPG,0.0,0.8
wrinkles/045A48.JPG,0.0,0.8
wrinkles/046A00.JPG,0.0,0.1
wrinkles/046A01.JPG,0.0,0.1
wrinkles/046A02.JPG,0.0,0.1
wrinkles/046A04.JPG,0.0,0.1
wrinkles/046A06.JPG,0.0,0.1
wrinkles/046A08.JPG,0.0,0.1
wrinkles/046A10.JPG,0.0,0.1
wrinkles/046A12.JPG,0.0,0.1
wrinkles/046A14.JPG,0.0,0.1
wrinkles/046A16.JPG,0.0,0.1
wrinkles/046A17.JPG,0.0,0.1
wrinkles/046A18.JPG,0.0,0.1
wrinkles/046A20.JPG,0.0,0.1
wrinkles/047A05.JPG,0.0,0.1
wrinkles/047A06.JPG,0.0,0.1
wrinkles/047A09.JPG,0.0,0.1
wrinkles/047A11.JPG,0.0,0.1
wrinkles/047A12.JPG,0.0,0.1
wrinkles/047A13.JPG,0.0,0.1
wrinkles/047A15.JPG,0.0,0.1
wrinkles/047A18.JPG,0.0,0.1
wrinkles/047A20.JPG,0.0,0.1
wrinkles/047A23.JPG,0.0,0.1
wrinkles/047A27.JPG,0.0,0.4
wrinkles/047A33.JPG,0.0,0.4
wrinkles/047A45.JPG,0.0,0.8
wrinkles/047A55.JPG,0.0,0.8
wrinkles/048A00.JPG,0.0,0.1
wrinkles/048A09.JPG,0.0,0.1
wrinkles/048A10.JPG,0.0,0.1
wrinkles/048A11.JPG,0.0,0.1
wrinkles/048A15.JPG,0.0,0.1
wrinkles/048A16.JPG,0.0,0.1
wrinkles/048A17.JPG,0.0,0.1
wrinkles/048A18.JPG,0.0,0.1
wrinkles/048A27.JPG,0.0,0.4
wrinkles/048A30.JPG,0.0,0.4
wrinkles/048A33.JPG,0.0,0.4
wrinkles/048A46.JPG,0.0,0.8
wrinkles/048A49.JPG,0.0,0.8
wrinkles/048A50.JPG,0.0,0.8
wrinkles/048A52.JPG,0.0,0.8
wrinkles/048A54.JPG,0.0,0.8
wrinkles/049A04.JPG,0.0,0.1
wrinkles/049A05.JPG,0.0,0.1
wrinkles/049A06.JPG,0.0,0.1
wrinkles/049A07.JPG,0.0,0.1
wrinkles/049A08.JPG,0.0,0.1
wrinkles/049A10.JPG,0.0,0.1
wrinkles/049A12.JPG,0.0,0.1
wrinkles/049A15.JPG,0.0,0.1
wrinkles/049A16.JPG,0.0,0.1
wrinkles/049A17.JPG,0.0,0.1
wrinkles/050A00.JPG,0.0,0.1
wrinkles/050A03.JPG,0.0,0.1
wrinkles/050A06.JPG,0.0,0.1
wrinkles/050A10.JPG,0.0,0.1
wrinkles/050A14.JPG,0.0,0.1
wrinkles/050A16.JPG,0.0,0.1
wrinkles/050A18.JPG,0.0,0.1
wrinkles/050A22.JPG,0.0,0.1
wrinkles/051A00.JPG,0.0,0.1
wrinkles/051A02.JPG,0.0,0.1
wrinkles/051A05.JPG,0.0,0.1
wrinkles/051A08.JPG,0.0,0.1
wrinkles/051A12.JPG,0.0,0.1
wrinkles/051A14.JPG,0.0,0.1
wrinkles/051A15.JPG,0.0,0.1
wrinkles/051A16.JPG,0.0,0.1
wrinkles/051A17.JPG,0.0,0.1
wrinkles/051A18.JPG,0.0,0.1
wrinkles/051A24.JPG,0.0,0.1
wrinkles/052A02.JPG,0.0,0.1
wrinkles/052A04.JPG,0.0,0.1
wrinkles/052A07.JPG,0.0,0.1
wrinkles/052A10.JPG,0.0,0.1
wrinkles/052A13.JPG,0.0,0.1
wrinkles/052A14.JPG,0.0,0.1
wrinkles/052A16.JPG,0.0,0.1
wrinkles/052A17.JPG,0.0,0.1
wrinkles/052A18.JPG,0.0,0.1
wrinkles/052A19.JPG,0.0,0.1
wrinkles/052A20.JPG,0.0,0.1
wrinkles/053A00.JPG,0.0,0.1
wrinkles/053A01.JPG,0.0,0.1
wrinkles/053A02.JPG,0.0,0.1
wrinkles/053A03.JPG,0.0,0.1
wrinkles/053A04.JPG,0.0,0.1
wrinkles/053A06.JPG,0.0,0.1
wrinkles/053A08.JPG,0.0,0.1
wrinkles/053A10.JPG,0.0,0.1
wrinkles/053A11.JPG,0.0,0.1
wrinkles/053A12.JPG,0.0,0.1
wrinkles/053A13.JPG,0.0,0.1
wrinkles/053A15.JPG,0.0,0.1
wrinkles/053A18.JPG,0.0,0.1
wrinkles/054A00.JPG,0.0,0.1
wrinkles/054A02.JPG,0.0,0.1
wrinkles/054A04.JPG,0.0,0.1
wrinkles/054A06.JPG,0.0,0.1
wrinkles/054A09.JPG,0.0,0.1
wrinkles/054A10.JPG,0.0,0.1
wrinkles/054A11.JPG,0.0,0.1
wrinkles/054A12.JPG,0.0,0.1
wrinkles/054A13.JPG,0.0,0.1
wrinkles/054A16.JPG,0.0,0.1
wrinkles/054A17.JPG,0.0,0.1
wrinkles/054A18.JPG,0.0,0.1
wrinkles/054A19.JPG,0.0,0.1
wrinkles/055A04.JPG,0.0,0.1
wrinkles/055A05.JPG,0.0,0.1
wrinkles/055A06.JPG,0.0,0.1
wrinkles/055A08.JPG,0.0,0.1
wrinkles/055A12.JPG,0.0,0.1
wrinkles/055A14.JPG,0.0,0.1
wrinkles/055A22.JPG,0.0,0.1
wrinkles/055A23.JPG,0.0,0.1
wrinkles/056A01.JPG,0.0,0.1
wrinkles/056A02.JPG,0.0,0.1
wrinkles/056A03.JPG,0.0,0.1
wrinkles/056A04.JPG,0.0,0.1
wrinkles/056A06.JPG,0.0,0.1
wrinkles/056A10.JPG,0.0,0.1
wrinkles/056A12.JPG,0.0,0.1
wrinkles/056A15.JPG,0.0,0.1
wrinkles/057A00.JPG,0.0,0.1
wrinkles/057A05.JPG,0.0,0.1
wrinkles/057A06.JPG,0.0,0.1
wrinkles/057A07.JPG,0.0,0.1
wrinkles/057A12.JPG,0.0,0.1
wrinkles/057A16.JPG,0.0,0.1
wrinkles/057A17.JPG,0.0,0.1
wrinkles/057A18.JPG,0.0,0.1
wrinkles/057A23.JPG,0.0,0.1
wrinkles/057A25.JPG,0.0,0.4
wrinkles/058A00.JPG,0.0,0.1
wrinkles/058A01.JPG,0.0,0.1
wrinkles/058A02.JPG,0.0,0.1
wrinkles/058A03.JPG,0.0,0.1
wrinkles/058A04.JPG,0.0,0.1
wrinkles/058A05.JPG,0.0,0.1
wrinkles/058A06.JPG,0.0,0.1
wrinkles/058A10.JPG,0.0,0.1
wrinkles/058A13.JPG,0.0,0.1
wrinkles/058A15.JPG,0.0,0.1
wrinkles/058A17.JPG,0.0,0.1
wrinkles/059A03.JPG,0.0,0.1
wrinkles/059A04.JPG,0.0,0.1
wrinkles/059A06.JPG,0.0,0.1
wrinkles/059A07.JPG,0.0,0.1
wrinkles/059A12.JPG,0.0,0.1
wrinkles/059A14.JPG,0.0,0.1
wrinkles/059A16.JPG,0.0,0.1
wrinkles/060A02.JPG,0.0,0.1
wrinkles/060A04.JPG,0.0,0.1
wrinkles/060A05.JPG,0.0,0.1
wrinkles/060A06.JPG,0.0,0.1
wrinkles/060A07.JPG,0.0,0.1
wrinkles/060A08.JPG,0.0,0.1
wrinkles/060A10.JPG,0.0,0.1
wrinkles/060A11.JPG,0.0,0.1
wrinkles/060A12.JPG,0.0,0.1
wrinkles/060A17.JPG,0.0,0.1
wrinkles/060A19.JPG,0.0,0.1
wrinkles/060A20.JPG,0.0,0.1
wrinkles/061A04.JPG,0.0,0.1
wrinkles/061A06.JPG,0.0,0.1
wrinkles/061A07.JPG,0.0,0.1
wrinkles/061A10.JPG,0.0,0.1
wrinkles/061A15.JPG,0.0,0.1
wrinkles/061A17.JPG,0.0,0.1
wrinkles/061A18.JPG,0.0,0.1
wrinkles/061A19.JPG,0.0,0.1
wrinkles/061A25.JPG,0.0,0.4
wrinkles/061A26.JPG,0.0,0.4
wrinkles/061A29.JPG,0.0,0.4
wrinkles/061A30.JPG,0.0,0.4
wrinkles/061A32.JPG,0.0,0.4
wrinkles/062A03.JPG,0.0,0.1
wrinkles/062A15.JPG,0.0,0.1
wrinkles/062A16.JPG,0.0,0.1
wrinkles/062A18.JPG,0.0,0.1
wrinkles/062A30.JPG,0.0,0.4
wrinkles/062A35.JPG,0.0,0.4
wrinkles/062A38.JPG,0.0,0.4
wrinkles/062A41.JPG,0.0,0.8
wrinkles/062A45.JPG,0.0,0.8
wrinkles/062A47.JPG,0.0,0.8
wrinkles/062A53.JPG,0.0,0.8
wrinkles/062A54.JPG,0.0,0.8
wrinkles/063A00.JPG,0.0,0.1
wrinkles/063A02.JPG,0.0,0.1
wrinkles/063A04.JPG,0.0,0.1
wrinkles/063A08.JPG,0.0,0.1
wrinkles/063A09.JPG,0.0,0.1
wrinkles/063A18.JPG,0.0,0.1
wrinkles/063A20.JPG,0.0,0.1
wrinkles/063A22.JPG,0.0,0.1
wrinkles/063A25.JPG,0.0,0.4
wrinkles/063A33.JPG,0.0,0.4
wrinkles/064A01.JPG,0.0,0.1
wrinkles/064A03.JPG,0.0,0.1
wrinkles/064A04.JPG,0.0,0.1
wrinkles/064A10.JPG,0.0,0.1
wrinkles/064A15.JPG,0.0,0.1
wrinkles/064A19.JPG,0.0,0.1
wrinkles/065A04.JPG,0.0,0.1
wrinkles/065A08.JPG,0.0,0.1
wrinkles/065A09.JPG,0.0,0.1
wrinkles/065A10.JPG,0.0,0.1
wrinkles/065A11.JPG,0.0,0.1
wrinkles/065A12.JPG,0.0,0.1
wrinkles/065A13.JPG,0.0,0.1
wrinkles/066A00.JPG,0.0,0.1
wrinkles/066A03.JPG,0.0,0.1
wrinkles/066A04.JPG,0.0,0.1
wrinkles/066A07.JPG,0.0,0.1
wrinkles/066A08.JPG,0.0,0.1
wrinkles/066A09.JPG,0.0,0.1
wrinkles/066A10.JPG,0.0,0.1
wrinkles/066A11.JPG,0.0,0.1
wrinkles/067A04.JPG,0.0,0.1
wrinkles/067A14.JPG,0.0,0.1
wrinkles/067A17.JPG,0.0,0.1
wrinkles/067A21.JPG,0.0,0.1
wrinkles/067A23.JPG,0.0,0.1
wrinkles/067A26.JPG,0.0,0.4
wrinkles/067A28.JPG,0.0,0.4
wrinkles/067A30.JPG,0.0,0.4
wrinkles/067A33.JPG,0.0,0.4
wrinkles/067A39.JPG,0.0,0.4
wrinkles/068A00.JPG,0.0,0.1
wrinkles/068A03.JPG,0.0,0.1
wrinkles/068A04.JPG,0.0,0.1
wrinkles/068A09.JPG,0.0,0.1
wrinkles/068A11.JPG,0.0,0.1
wrinkles/068A12.JPG,0.0,0.1
wrinkles/068A13.JPG,0.0,0.1
wrinkles/068A14.JPG,0.0,0.1
wrinkles/069A00.JPG,0.0,0.1
wrinkles/069A02.JPG,0.0,0.1
wrinkles/069A03.JPG,0.0,0.1
wrinkles/069A04.JPG,0.0,0.1
wrinkles/069A05.JPG,0.0,0.1
wrinkles/069A06.JPG,0.0,0.1
wrinkles/069A07.JPG,0.0,0.1
wrinkles/069A09.JPG,0.0,0.1
wrinkles/069A10.JPG,0.0,0.1
wrinkles/069A11.JPG,0.0,0.1
wrinkles/069A13.JPG,0.0,0.1
wrinkles/070A00.JPG,0.0,0.1
wrinkles/070A01.JPG,0.0,0.1
wrinkles/070A02.JPG,0.0,0.1
wrinkles/070A03.JPG,0.0,0.1
wrinkles/070A05.JPG,0.0,0.1
wrinkles/070A06.JPG,0.0,0.1
wrinkles/070A07.JPG,0.0,0.1
wrinkles/070A08.JPG,0.0,0.1
wrinkles/070A09.JPG,0.0,0.1
wrinkles/070A12.JPG,0.0,0.1
wrinkles/070A14.JPG,0.0,0.1
wrinkles/071A00.JPG,0.0,0.1
wrinkles/071A10.JPG,0.0,0.1
wrinkles/071A18.JPG,0.0,0.1
wrinkles/071A22.JPG,0.0,0.1
wrinkles/071A23.JPG,0.0,0.1
wrinkles/071A24.JPG,0.0,0.1
wrinkles/071A27.JPG,0.0,0.4
wrinkles/071A35.JPG,0.0,0.4
wrinkles/071A40.JPG,0.0,0.8
wrinkles/071A42.JPG,0.0,0.8
wrinkles/071A43.JPG,0.0,0.8
wrinkles/071A44.JPG,0.0,0.8
wrinkles/071A45.JPG,0.0,0.8
wrinkles/072A02.JPG,0.0,0.1
wrinkles/072A07.JPG,0.0,0.1
wrinkles/072A11.JPG,0.0,0.1
wrinkles/072A13.JPG,0.0,0.1
wrinkles/072A14.JPG,0.0,0.1
wrinkles/072A17.JPG,0.0,0.1
wrinkles/072A19.JPG,0.0,0.1
wrinkles/072A21.JPG,0.0,0.1
wrinkles/072A25.JPG,0.0,0.4
wrinkles/072A27.JPG,0.0,0.4
wrinkles/072A29.JPG,0.0,0.4
wrinkles/072A34.JPG,0.0,0.4
wrinkles/072A41.JPG,0.0,0.8
wrinkles/072A45.JPG,0.0,0.8
wrinkles/073A00.JPG,0.0,0.1
wrinkles/073A01.JPG,0.0,0.1
wrinkles/073A02.JPG,0.0,0.1
wrinkles/073A03.JPG,0.0,0.1
wrinkles/073A04.JPG,0.0,0.1
wrinkles/073A05.JPG,0.0,0.1
wrinkles/073A06.JPG,0.0,0.1
wrinkles/073A07.JPG,0.0,0.1
wrinkles/073A08.JPG,0.0,0.1
wrinkles/073A09.JPG,0.0,0.1
wrinkles/073A11.JPG,0.0,0.1
wrinkles/073A12.JPG,0.0,0.1
wrinkles/073A13.JPG,0.0,0.1
wrinkles/073A14.JPG,0.0,0.1
wrinkles/073A15.JPG,0.0,0.1
wrinkles/073A16.JPG,0.0,0.1
wrinkles/074A00.JPG,0.0,0.1
wrinkles/074A01.JPG,0.0,0.1
wrinkles/074A02.JPG,0.0,0.1
wrinkles/074A03.JPG,0.0,0.1
wrinkles/074A04.JPG,0.0,0.1
wrinkles/074A05.JPG,0.0,0.1
wrinkles/074A06.JPG,0.0,0.1
wrinkles/074A07.JPG,0.0,0.1
wrinkles/074A08.JPG,0.0,0.1
wrinkles/074A09.JPG,0.0,0.1
wrinkles/074A10.JPG,0.0,0.1
wrinkles/074A11.JPG,0.0,0.1
wrinkles/074A12.JPG,0.0,0.1
wrinkles/074A13.JPG,0.0,0.1
wrinkles/074A14.JPG,0.0,0.1
wrinkles/074A15.JPG,0.0,0.1
wrinkles/075A00.JPG,0.0,0.1
wrinkles/075A01.JPG,0.0,0.1
wrinkles/075A02.JPG,0.0,0.1
wrinkles/075A03.JPG,0.0,0.1
wrinkles/075A05.JPG,0.0,0.1
wrinkles/075A06.JPG,0.0,0.1
wrinkles/075A07.JPG,0.0,0.1
wrinkles/075A08.JPG,0.0,0.1
wrinkles/075A10.JPG,0.0,0.1
wrinkles/075A11.JPG,0.0,0.1
wrinkles/076A00.JPG,0.0,0.1
wrinkles/076A01.JPG,0.0,0.1
wrinkles/076A02.JPG,0.0,0.1
wrinkles/076A03.JPG,0.0,0.1
wrinkles/076A04.JPG,0.0,0.1
wrinkles/076A05.JPG,0.0,0.1
wrinkles/076A06.JPG,0.0,0.1
wrinkles/076A07.JPG,0.0,0.1
wrinkles/076A08.JPG,0.0,0.1
wrinkles/076A09.JPG,0.0,0.1
wrinkles/076A10.JPG,0.0,0.1
wrinkles/076A11.JPG,0.0,0.1
wrinkles/076A12.JPG,0.0,0.1
wrinkles/076A13.JPG,0.0,0.1
wrinkles/076A14.JPG,0.0,0.1
wrinkles/076A15.JPG,0.0,0.1
wrinkles/076A16.JPG,0.0,0.1
wrinkles/076A17.JPG,0.0,0.1
wrinkles/077A00.JPG,0.0,0.1
wrinkles/077A01.JPG,0.0,0.1
wrinkles/077A02.JPG,0.0,0.1
wrinkles/077A03.JPG,0.0,0.1
wrinkles/077A04.JPG,0.0,0.1
wrinkles/077A06.JPG,0.0,0.1
wrinkles/077A07.JPG,0.0,0.1
wrinkles/077A08.JPG,0.0,0.1
wrinkles/077A09.JPG,0.0,0.1
wrinkles/077A10.JPG,0.0,0.1
wrinkles/077A11.JPG,0.0,0.1
wrinkles/077A12.JPG,0.0,0.1
wrinkles/077A13.JPG,0.0,0.1
wrinkles/077A14.JPG,0.0,0.1
wrinkles/077A15.JPG,0.0,0.1
wrinkles/077A16.JPG,0.0,0.1
wrinkles/078A00.JPG,0.0,0.1
wrinkles/078A01.JPG,0.0,0.1
wrinkles/078A02.JPG,0.0,0.1
wrinkles/078A03.JPG,0.0,0.1
wrinkles/078A04.JPG,0.0,0.1
wrinkles/078A05.JPG,0.0,0.1
wrinkles/078A06.JPG,0.0,0.1
wrinkles/078A07.JPG,0.0,0.1
wrinkles/078A08.JPG,0.0,0.1
wrinkles/078A09.JPG,0.0,0.1
wrinkles/078A10.JPG,0.0,0.1
wrinkles/078A11.JPG,0.0,0.1
wrinkles/078A12.JPG,0.0,0.1
wrinkles/078A13.JPG,0.0,0.1
wrinkles/078A14.JPG,0.0,0.1
wrinkles/078A15.JPG,0.0,0.1
wrinkles/079A00.JPG,0.0,0.1
wrinkles/079A01.JPG,0.0,0.1
wrinkles/079A02.JPG,0.0,0.1
wrinkles/079A03.JPG,0.0,0.1
wrinkles/079A04.JPG,0.0,0.1
wrinkles/079A05.JPG,0.0,0.1
wrinkles/079A06.JPG,0.0,0.1
wrinkles/079A07.JPG,0.0,0.1
wrinkles/079A08.JPG,0.0,0.1
wrinkles/079A09.JPG,0.0,0.1
wrinkles/079A10.JPG,0.0,0.1
wrinkles/079A11.JPG,0.0,0.1
wrinkles/079A12.JPG,0.0,0.1
wrinkles/079A13.JPG,0.0,0.1
wrinkles/080A00.JPG,0.0,0.1
wrinkles/080A01.JPG,0.0,0.1
wrinkles/080A02.JPG,0.0,0.1
wrinkles/080A03.JPG,0.0,0.1
wrinkles/080A04.JPG,0.0,0.1
wrinkles/080A05.JPG,0.0,0.1
wrinkles/080A06.JPG,0.0,0.1
wrinkles/080A07.JPG,0.0,0.1
wrinkles/080A08.JPG,0.0,0.1
wrinkles/080A09.JPG,0.0,0.1
wrinkles/080A10.JPG,0.0,0.1
wrinkles/080A12.JPG,0.0,0.1
wrinkles/080A13.JPG,0.0,0.1
wrinkles/080A14.JPG,0.0,0.1
wrinkles/081A00.JPG,0.0,0.1
wrinkles/081A01.JPG,0.0,0.1
wrinkles/081A02.JPG,0.0,0.1
wrinkles/081A03.JPG,0.0,0.1
wrinkles/081A04.JPG,0.0,0.1
wrinkles/081A05.JPG,0.0,0.1
wrinkles/081A06.JPG,0.0,0.1
wrinkles/081A07.JPG,0.0,0.1
wrinkles/081A08.JPG,0.0,0.1
wrinkles/081A10.JPG,0.0,0.1
wrinkles/081A11.JPG,0.0,0.1
wrinkles/081A12.JPG,0.0,0.1
wrinkles/082A00.JPG,0.0,0.1
wrinkles/082A03.JPG,0.0,0.1
wrinkles/082A16.JPG,0.0,0.1
wrinkles/082A18.JPG,0.0,0.1
wrinkles/082A20.JPG,0.0,0.1
wrinkles/082A21.JPG,0.0,0.1
wrinkles/082A22.JPG,0.0,0.1
wrinkles/082A23.JPG,0.0,0.1
wrinkles/082A25.JPG,0.0,0.4
wrinkles/082A27.JPG,0.0,0.4
wrinkles/082A31.JPG,0.0,0.4
